1,674,,Proin nec justo nec libero luctus fermentum.,story,true,10/8/2011 20:20:41
2,445,,Fusce nec justo nec libero luctus fermentum.,story,true,11/8/2014 16:19:30
3,113,,Nulla facilisi. Nullam nec justo nec libero luctus fermentum.,story,false,4/16/2005 16:14:06
4,281,480,Nulla facilisi. Nullam nec justo nec libero luctus fermentum.,message,true,6/19/2032 20:43:27
5,959,,Fusce nec justo nec libero luctus fermentum.,story,false,8/28/2006 23:21:19
6,963,109,Lorem ipsum dolor sit amet,message,true,1/3/2002 01:54:14
7,807,,Proin nec justo nec libero luctus fermentum.,story,true,4/18/2037 21:29:40
8,877,,justo nec fermentum.,story,false,5/27/2012 12:30:34
9,97,43,Lorem ipsum dolor sit amet,message,true,5/10/2020 17:06:50
10,326,,justo nec fermentum.,story,true,10/10/2042 22:26:10
11,999,339,Lorem ipsum dolor sit amet,message,false,3/17/2019 23:25:34
12,877,499,consectetur adipiscing elit.,message,false,6/8/2012 23:11:57
13,546,,Suspendisse potenti. Nullam euismod,story,false,5/29/2005 10:07:38
14,191,228,Pellentesque habitant morbi tristique senectus et netus et malesuada fames ac turpis egestas.,message,false,7/10/2012 23:07:11
15,9,196,Pellentesque habitant morbi tristique senectus et netus et malesuada fames ac turpis egestas.,message,true,9/29/2002 04:15:28
16,163,292,Proin nec justo nec libero luctus fermentum.,message,true,4/6/2045 14:11:23
17,941,,Proin nec justo nec libero luctus fermentum.,story,true,1/29/2027 04:36:30
18,667,603,Donec nec justo nec libero luctus fermentum.,message,true,6/21/2030 16:46:54
19,599,,Suspendisse potenti. Nullam euismod,story,false,9/21/2045 06:00:40
20,685,,Fusce nec justo nec libero luctus fermentum.,story,true,10/23/2021 06:57:12
21,470,833,Quisque non mi nec justo tincidunt fermentum.,message,true,1/29/2036 16:44:59
22,618,256,Pellentesque habitant morbi tristique senectus et netus et malesuada fames ac turpis egestas.,message,true,4/26/2009 16:52:32
23,558,,Pellentesque habitant morbi tristique senectus et netus et malesuada fames ac turpis egestas.,story,false,6/7/2046 19:40:17
24,564,365,Proin nec justo nec libero luctus fermentum.,message,true,10/6/2044 06:01:45
25,992,821,Pellentesque habitant morbi tristique senectus et netus et malesuada fames ac turpis egestas.,message,false,6/6/2044 17:42:49
26,329,672,Pellentesque habitant morbi tristique senectus et netus et malesuada fames ac turpis egestas.,message,true,4/23/2010 05:30:44
27,190,344,justo nec fermentum.,message,true,2/24/2019 10:51:00
28,687,280,Proin nec justo nec libero luctus fermentum.,message,false,12/26/2021 17:16:44
29,868,41,Fusce nec justo nec libero luctus fermentum.,message,false,11/20/2042 17:30:44
30,552,,Quisque non mi nec justo tincidunt fermentum.,story,false,12/23/2006 14:01:15
31,552,,Nulla facilisi. Nullam nec justo nec libero luctus fermentum.,story,true,9/28/2050 17:56:12
32,877,,Etiam nec justo nec libero luctus fermentum.,story,true,9/12/2012 20:17:08
33,163,335,Nulla facilisi. Nullam nec justo nec libero luctus fermentum.,message,false,8/14/2043 07:36:35
34,594,873,Quisque non mi nec justo tincidunt fermentum.,message,true,6/11/2008 21:19:13
35,22,986,Donec nec justo nec libero luctus fermentum.,message,false,8/7/2031 22:01:00
36,945,268,Donec nec justo nec libero luctus fermentum.,message,false,6/6/2035 12:25:04
37,643,53,Vestibulum ante ipsum primis in faucibus orci luctus et ultrices posuere cubilia Curae;,message,true,9/28/2021 02:01:06
38,556,554,justo nec fermentum.,message,false,8/25/2020 10:10:52
39,359,754,Fusce nec justo nec libero luctus fermentum.,message,false,5/7/2047 10:19:32
40,501,208,Pellentesque habitant morbi tristique senectus et netus et malesuada fames ac turpis egestas.,message,true,10/7/2019 02:19:23
41,619,79,Lorem ipsum dolor sit amet,message,false,8/7/2022 03:58:26
42,424,743,Nulla facilisi. Nullam nec justo nec libero luctus fermentum.,message,false,10/7/2044 03:08:39
43,736,,Pellentesque habitant morbi tristique senectus et netus et malesuada fames ac turpis egestas.,story,false,4/8/2003 12:51:53
44,238,,Etiam nec justo nec libero luctus fermentum.,story,true,3/8/2017 15:13:08
45,572,19,Suspendisse potenti. Nullam euismod,message,true,3/24/2018 10:20:11
46,190,895,Nulla facilisi. Nullam nec justo nec libero luctus fermentum.,message,false,5/10/2049 01:42:34
47,462,,Lorem ipsum dolor sit amet,story,true,4/11/2000 07:19:55
48,888,,Donec nec justo nec libero luctus fermentum.,story,false,10/24/2047 06:50:09
49,627,,Suspendisse potenti. Nullam euismod,story,false,10/13/2023 19:04:24
50,816,,Fusce nec justo nec libero luctus fermentum.,story,false,9/10/2012 02:32:32
51,653,820,Fusce nec justo nec libero luctus fermentum.,message,false,3/13/2034 16:59:48
52,695,750,Nulla facilisi. Nullam nec justo nec libero luctus fermentum.,message,false,12/10/2038 21:07:49
53,620,,Lorem ipsum dolor sit amet,story,false,1/7/2030 04:23:45
54,436,,Nulla facilisi. Nullam nec justo nec libero luctus fermentum.,story,true,7/27/2026 00:05:26
55,841,277,Pellentesque habitant morbi tristique senectus et netus et malesuada fames ac turpis egestas.,message,false,10/21/2042 13:24:43
56,21,357,Etiam nec justo nec libero luctus fermentum.,message,false,3/27/2041 08:39:03
57,714,,Nulla facilisi. Nullam nec justo nec libero luctus fermentum.,story,true,8/15/2030 13:23:35
58,649,,Lorem ipsum dolor sit amet,story,true,7/22/2004 14:45:30
59,93,49,Lorem ipsum dolor sit amet,message,false,10/1/2009 17:37:17
60,230,424,Suspendisse potenti. Nullam euismod,message,true,3/17/2007 21:38:44
61,580,724,Proin nec justo nec libero luctus fermentum.,message,true,3/6/2024 23:56:42
62,292,,Vestibulum ante ipsum primis in faucibus orci luctus et ultrices posuere cubilia Curae;,story,false,3/21/2031 20:41:53
63,145,,justo nec fermentum.,story,true,1/8/2012 20:32:57
64,156,862,Quisque non mi nec justo tincidunt fermentum.,message,false,8/28/2041 09:14:18
65,399,,Vestibulum ante ipsum primis in faucibus orci luctus et ultrices posuere cubilia Curae;,story,true,1/5/2048 20:37:15
66,814,37,consectetur adipiscing elit.,message,false,5/17/2040 17:17:56
67,232,,justo nec fermentum.,story,false,7/27/2029 15:37:23
68,492,,Fusce nec justo nec libero luctus fermentum.,story,true,10/11/2007 05:32:45
69,47,598,consectetur adipiscing elit.,message,false,11/1/2025 01:56:02
70,879,534,consectetur adipiscing elit.,message,false,3/15/2021 12:12:37
71,420,658,Suspendisse potenti. Nullam euismod,message,true,3/4/2004 17:33:23
72,126,,Proin nec justo nec libero luctus fermentum.,story,false,8/19/2013 14:39:19
73,389,,justo nec fermentum.,story,false,12/17/2035 10:33:11
74,174,58,consectetur adipiscing elit.,message,true,2/6/2038 23:12:15
75,582,,Fusce nec justo nec libero luctus fermentum.,story,false,2/9/2041 12:28:06
76,580,694,Proin nec justo nec libero luctus fermentum.,message,true,9/2/2019 14:36:10
77,895,,justo nec fermentum.,story,false,3/28/2000 03:10:47
78,983,485,Proin nec justo nec libero luctus fermentum.,message,false,10/7/2024 20:16:05
79,636,175,Donec nec justo nec libero luctus fermentum.,message,false,12/20/2041 05:23:05
80,20,672,Nulla facilisi. Nullam nec justo nec libero luctus fermentum.,message,false,5/9/2006 22:51:24
81,486,496,justo nec fermentum.,message,true,7/26/2049 08:59:51
82,888,477,Pellentesque habitant morbi tristique senectus et netus et malesuada fames ac turpis egestas.,message,true,7/1/2019 02:18:21
83,67,,Etiam nec justo nec libero luctus fermentum.,story,false,9/22/2015 08:31:35
84,663,382,Etiam nec justo nec libero luctus fermentum.,message,false,2/26/2009 00:43:37
85,433,12,justo nec fermentum.,message,false,9/10/2019 00:13:44
86,152,,Etiam nec justo nec libero luctus fermentum.,story,true,9/21/2001 10:52:23
87,336,256,Etiam nec justo nec libero luctus fermentum.,message,true,11/11/2021 16:11:35
88,910,,Donec nec justo nec libero luctus fermentum.,story,false,1/29/2003 11:01:47
89,351,188,Etiam nec justo nec libero luctus fermentum.,message,true,10/5/2023 04:21:21
90,533,863,consectetur adipiscing elit.,message,false,1/15/2021 12:25:33
91,574,,Pellentesque habitant morbi tristique senectus et netus et malesuada fames ac turpis egestas.,story,true,2/27/2043 23:20:58
92,983,,Fusce nec justo nec libero luctus fermentum.,story,false,5/19/2050 10:16:35
93,547,496,Pellentesque habitant morbi tristique senectus et netus et malesuada fames ac turpis egestas.,message,true,8/19/2002 18:35:48
94,351,617,Pellentesque habitant morbi tristique senectus et netus et malesuada fames ac turpis egestas.,message,false,10/21/2026 18:55:43
95,631,379,Proin nec justo nec libero luctus fermentum.,message,true,3/2/2010 08:05:48
96,98,,Donec nec justo nec libero luctus fermentum.,story,true,8/31/2031 23:40:42
97,960,759,Suspendisse potenti. Nullam euismod,message,true,11/27/2017 03:27:05
98,177,667,Quisque non mi nec justo tincidunt fermentum.,message,false,10/25/2039 11:50:32
99,372,,Lorem ipsum dolor sit amet,story,false,8/19/2045 23:39:47
100,370,,Proin nec justo nec libero luctus fermentum.,story,true,1/25/2043 13:41:13
101,528,,Proin nec justo nec libero luctus fermentum.,story,false,5/14/2035 14:08:11
102,546,569,Donec nec justo nec libero luctus fermentum.,message,false,11/20/2013 01:18:54
103,891,,consectetur adipiscing elit.,story,true,8/4/2040 06:23:30
104,775,,justo nec fermentum.,story,false,3/22/2023 08:41:14
105,487,,Etiam nec justo nec libero luctus fermentum.,story,false,1/12/2032 04:14:55
106,949,,Vestibulum ante ipsum primis in faucibus orci luctus et ultrices posuere cubilia Curae;,story,true,7/17/2033 09:48:28
107,582,,Lorem ipsum dolor sit amet,story,true,2/20/2011 02:00:16
108,280,,Donec nec justo nec libero luctus fermentum.,story,true,3/18/2041 20:18:12
109,595,945,Fusce nec justo nec libero luctus fermentum.,message,false,12/20/2042 06:02:39
110,786,,justo nec fermentum.,story,false,4/6/2020 01:44:10
111,648,,Donec nec justo nec libero luctus fermentum.,story,false,9/24/2004 13:26:11
112,388,496,Etiam nec justo nec libero luctus fermentum.,message,false,5/26/2030 07:10:25
113,375,,Suspendisse potenti. Nullam euismod,story,true,8/5/2025 09:37:22
114,250,,Donec nec justo nec libero luctus fermentum.,story,true,6/11/2002 02:27:26
115,979,790,Pellentesque habitant morbi tristique senectus et netus et malesuada fames ac turpis egestas.,message,true,9/5/2030 08:10:36
116,526,,Fusce nec justo nec libero luctus fermentum.,story,true,2/4/2029 11:01:22
117,617,187,consectetur adipiscing elit.,message,true,5/6/2011 00:59:35
118,337,,Nulla facilisi. Nullam nec justo nec libero luctus fermentum.,story,false,8/15/2040 10:55:44
119,812,520,Donec nec justo nec libero luctus fermentum.,message,true,8/23/2009 05:00:19
120,168,,Fusce nec justo nec libero luctus fermentum.,story,false,4/3/2044 20:27:29
121,7,,Vestibulum ante ipsum primis in faucibus orci luctus et ultrices posuere cubilia Curae;,story,true,4/6/2039 18:21:13
122,114,,consectetur adipiscing elit.,story,false,1/8/2004 01:25:22
123,874,652,Suspendisse potenti. Nullam euismod,message,true,8/20/2033 17:25:43
124,34,,Pellentesque habitant morbi tristique senectus et netus et malesuada fames ac turpis egestas.,story,false,4/16/2014 13:02:23
125,317,792,Donec nec justo nec libero luctus fermentum.,message,false,10/27/2028 02:56:25
126,162,,Vestibulum ante ipsum primis in faucibus orci luctus et ultrices posuere cubilia Curae;,story,false,5/18/2040 14:26:42
127,770,,Fusce nec justo nec libero luctus fermentum.,story,false,11/23/2050 09:54:24
128,958,,Fusce nec justo nec libero luctus fermentum.,story,true,9/2/2024 18:26:38
129,788,,Nulla facilisi. Nullam nec justo nec libero luctus fermentum.,story,false,7/15/2046 17:35:23
130,926,87,Fusce nec justo nec libero luctus fermentum.,message,true,10/17/2037 14:05:11
131,819,,Etiam nec justo nec libero luctus fermentum.,story,true,3/22/2048 01:15:02
132,926,866,Etiam nec justo nec libero luctus fermentum.,message,true,10/15/2029 16:17:21
133,585,,Nulla facilisi. Nullam nec justo nec libero luctus fermentum.,story,true,7/16/2009 05:00:39
134,248,,consectetur adipiscing elit.,story,true,10/8/2018 03:21:44
135,825,,Lorem ipsum dolor sit amet,story,true,7/4/2044 19:51:29
136,328,515,Suspendisse potenti. Nullam euismod,message,false,3/24/2009 10:28:13
137,937,261,Pellentesque habitant morbi tristique senectus et netus et malesuada fames ac turpis egestas.,message,true,1/8/2030 09:45:30
138,836,,Etiam nec justo nec libero luctus fermentum.,story,false,9/27/2015 14:54:37
139,550,,Pellentesque habitant morbi tristique senectus et netus et malesuada fames ac turpis egestas.,story,false,10/1/2024 09:30:15
140,669,804,Donec nec justo nec libero luctus fermentum.,message,true,1/24/2010 10:34:54
141,434,,Suspendisse potenti. Nullam euismod,story,false,6/2/2037 02:35:28
142,683,193,justo nec fermentum.,message,false,5/6/2031 08:03:23
143,947,,Fusce nec justo nec libero luctus fermentum.,story,false,12/8/2021 02:45:47
144,644,,Lorem ipsum dolor sit amet,story,false,8/23/2015 11:09:10
145,697,239,Fusce nec justo nec libero luctus fermentum.,message,true,6/27/2017 13:30:37
146,71,815,Nulla facilisi. Nullam nec justo nec libero luctus fermentum.,message,false,2/17/2017 04:41:21
147,977,,consectetur adipiscing elit.,story,false,10/7/2036 21:48:33
148,927,,Nulla facilisi. Nullam nec justo nec libero luctus fermentum.,story,false,10/2/2025 05:49:21
149,97,,Donec nec justo nec libero luctus fermentum.,story,true,3/6/2049 01:20:44
150,225,,consectetur adipiscing elit.,story,false,10/7/2012 17:11:43
151,906,842,justo nec fermentum.,message,true,12/13/2039 21:03:08
152,25,899,Lorem ipsum dolor sit amet,message,true,1/18/2004 14:32:09
153,223,,Etiam nec justo nec libero luctus fermentum.,story,true,9/8/2023 22:36:39
154,852,511,Nulla facilisi. Nullam nec justo nec libero luctus fermentum.,message,true,9/12/2032 05:13:27
155,506,,justo nec fermentum.,story,false,10/19/2043 15:27:52
156,318,,justo nec fermentum.,story,false,4/29/2030 17:34:33
157,513,432,Fusce nec justo nec libero luctus fermentum.,message,true,8/24/2042 07:14:42
158,777,,Quisque non mi nec justo tincidunt fermentum.,story,true,5/13/2026 19:20:46
159,261,530,Nulla facilisi. Nullam nec justo nec libero luctus fermentum.,message,true,7/17/2001 01:42:18
160,26,,Vestibulum ante ipsum primis in faucibus orci luctus et ultrices posuere cubilia Curae;,story,false,3/15/2031 15:24:06
161,47,,consectetur adipiscing elit.,story,true,10/7/2001 16:10:05
162,67,,Proin nec justo nec libero luctus fermentum.,story,true,4/3/2035 20:28:52
163,537,,justo nec fermentum.,story,true,10/5/2017 10:38:17
164,429,613,Suspendisse potenti. Nullam euismod,message,false,10/22/2037 07:10:40
165,59,,Vestibulum ante ipsum primis in faucibus orci luctus et ultrices posuere cubilia Curae;,story,true,1/24/2035 07:32:41
166,238,666,Proin nec justo nec libero luctus fermentum.,message,false,10/20/2044 10:56:48
167,788,,Quisque non mi nec justo tincidunt fermentum.,story,true,9/9/2010 23:10:54
168,177,382,justo nec fermentum.,message,false,9/5/2030 10:00:31
169,648,156,Quisque non mi nec justo tincidunt fermentum.,message,true,4/9/2041 16:20:23
170,262,,consectetur adipiscing elit.,story,false,6/6/2019 00:24:13
171,747,318,Pellentesque habitant morbi tristique senectus et netus et malesuada fames ac turpis egestas.,message,true,2/22/2031 12:41:18
172,572,,Lorem ipsum dolor sit amet,story,false,5/30/2005 09:15:17
173,54,246,Vestibulum ante ipsum primis in faucibus orci luctus et ultrices posuere cubilia Curae;,message,true,9/3/2011 03:12:37
174,13,,consectetur adipiscing elit.,story,true,5/23/2045 21:55:47
175,881,,Lorem ipsum dolor sit amet,story,false,11/21/2031 07:28:18
176,963,903,Fusce nec justo nec libero luctus fermentum.,message,false,6/24/2000 16:49:23
177,444,,Donec nec justo nec libero luctus fermentum.,story,false,8/3/2038 13:19:20
178,588,,Fusce nec justo nec libero luctus fermentum.,story,false,5/16/2002 16:42:38
179,726,142,Vestibulum ante ipsum primis in faucibus orci luctus et ultrices posuere cubilia Curae;,message,true,7/24/2043 16:07:53
180,260,,Nulla facilisi. Nullam nec justo nec libero luctus fermentum.,story,false,11/7/2049 00:08:27
181,471,,consectetur adipiscing elit.,story,true,2/5/2047 22:08:32
182,108,19,Etiam nec justo nec libero luctus fermentum.,message,true,8/10/2020 17:38:34
183,739,874,Pellentesque habitant morbi tristique senectus et netus et malesuada fames ac turpis egestas.,message,false,6/7/2016 06:33:25
184,801,601,Lorem ipsum dolor sit amet,message,true,9/18/2014 01:15:24
185,705,,Quisque non mi nec justo tincidunt fermentum.,story,true,4/5/2015 14:35:48
186,872,,Donec nec justo nec libero luctus fermentum.,story,true,11/4/2030 08:36:52
187,556,492,Pellentesque habitant morbi tristique senectus et netus et malesuada fames ac turpis egestas.,message,false,9/9/2023 23:29:16
188,186,,Etiam nec justo nec libero luctus fermentum.,story,true,12/14/2032 07:19:24
189,795,,Suspendisse potenti. Nullam euismod,story,false,2/9/2016 05:55:24
190,207,,Vestibulum ante ipsum primis in faucibus orci luctus et ultrices posuere cubilia Curae;,story,false,6/21/2020 06:45:22
191,532,,consectetur adipiscing elit.,story,false,7/16/2048 04:45:23
192,302,,Etiam nec justo nec libero luctus fermentum.,story,true,6/10/2028 23:56:03
193,734,,Fusce nec justo nec libero luctus fermentum.,story,false,9/25/2049 01:50:04
194,522,502,Nulla facilisi. Nullam nec justo nec libero luctus fermentum.,message,true,12/13/2045 19:36:59
195,366,,Quisque non mi nec justo tincidunt fermentum.,story,true,1/27/2013 01:52:35
196,918,,Vestibulum ante ipsum primis in faucibus orci luctus et ultrices posuere cubilia Curae;,story,true,11/22/2038 06:30:36
197,684,,Proin nec justo nec libero luctus fermentum.,story,false,11/4/2048 02:43:37
198,297,396,Donec nec justo nec libero luctus fermentum.,message,false,6/3/2003 09:43:20
199,538,,Etiam nec justo nec libero luctus fermentum.,story,true,11/15/2008 05:25:03
200,924,255,Donec nec justo nec libero luctus fermentum.,message,true,9/7/2021 16:18:51
201,621,,justo nec fermentum.,story,false,9/13/2048 16:04:11
202,751,,Quisque non mi nec justo tincidunt fermentum.,story,true,2/20/2045 19:09:18
203,717,,Suspendisse potenti. Nullam euismod,story,true,3/26/2048 17:24:05
204,417,,Etiam nec justo nec libero luctus fermentum.,story,false,9/25/2020 09:05:37
205,412,48,Lorem ipsum dolor sit amet,message,false,5/4/2022 00:56:43
206,727,254,Quisque non mi nec justo tincidunt fermentum.,message,false,2/6/2028 03:25:38
207,18,26,Fusce nec justo nec libero luctus fermentum.,message,true,10/10/2037 07:15:16
208,559,442,Proin nec justo nec libero luctus fermentum.,message,false,3/11/2004 21:33:22
209,382,,Vestibulum ante ipsum primis in faucibus orci luctus et ultrices posuere cubilia Curae;,story,false,9/24/2009 09:17:36
210,870,365,Nulla facilisi. Nullam nec justo nec libero luctus fermentum.,message,false,3/3/2033 23:24:17
211,795,,Nulla facilisi. Nullam nec justo nec libero luctus fermentum.,story,true,8/3/2043 16:22:51
212,546,,Nulla facilisi. Nullam nec justo nec libero luctus fermentum.,story,false,12/23/2030 11:40:48
213,800,806,Etiam nec justo nec libero luctus fermentum.,message,false,9/23/2011 02:08:26
214,388,858,consectetur adipiscing elit.,message,false,10/26/2047 15:53:03
215,306,413,justo nec fermentum.,message,true,11/28/2045 08:43:00
216,594,,Fusce nec justo nec libero luctus fermentum.,story,false,11/1/2047 04:33:26
217,344,640,Fusce nec justo nec libero luctus fermentum.,message,false,1/4/2030 22:28:30
218,61,477,Nulla facilisi. Nullam nec justo nec libero luctus fermentum.,message,true,12/23/2025 23:02:11
219,819,448,Vestibulum ante ipsum primis in faucibus orci luctus et ultrices posuere cubilia Curae;,message,false,5/3/2039 23:19:25
220,576,534,Fusce nec justo nec libero luctus fermentum.,message,true,10/21/2003 13:02:09
221,537,,justo nec fermentum.,story,true,8/9/2015 08:45:12
222,288,,Suspendisse potenti. Nullam euismod,story,false,3/29/2003 04:01:51
223,704,787,Quisque non mi nec justo tincidunt fermentum.,message,true,1/27/2022 21:11:56
224,205,494,Fusce nec justo nec libero luctus fermentum.,message,false,8/7/2037 17:27:03
225,831,,Fusce nec justo nec libero luctus fermentum.,story,true,1/22/2014 19:23:55
226,555,,Lorem ipsum dolor sit amet,story,false,7/26/2008 16:10:05
227,86,,Donec nec justo nec libero luctus fermentum.,story,true,10/31/2032 04:12:33
228,972,,consectetur adipiscing elit.,story,true,3/14/2046 17:04:28
229,946,,Proin nec justo nec libero luctus fermentum.,story,true,8/7/2030 13:48:45
230,94,24,Etiam nec justo nec libero luctus fermentum.,message,false,9/23/2021 08:17:27
231,452,339,justo nec fermentum.,message,true,12/26/2006 00:49:47
232,335,758,consectetur adipiscing elit.,message,false,2/8/2044 22:34:34
233,447,,Suspendisse potenti. Nullam euismod,story,true,12/10/2022 04:28:11
234,713,,Donec nec justo nec libero luctus fermentum.,story,true,8/4/2039 01:23:41
235,71,,Suspendisse potenti. Nullam euismod,story,true,1/4/2040 19:25:33
236,615,,Etiam nec justo nec libero luctus fermentum.,story,true,8/1/2012 20:26:37
237,130,297,Suspendisse potenti. Nullam euismod,message,false,5/28/2046 14:12:01
238,708,615,Quisque non mi nec justo tincidunt fermentum.,message,false,10/6/2030 12:11:12
239,252,736,consectetur adipiscing elit.,message,false,6/5/2039 13:28:26
240,20,,Proin nec justo nec libero luctus fermentum.,story,true,3/12/2015 13:25:49
241,130,,consectetur adipiscing elit.,story,false,8/2/2028 21:46:19
242,514,,Vestibulum ante ipsum primis in faucibus orci luctus et ultrices posuere cubilia Curae;,story,false,10/1/2017 16:16:03
243,594,710,consectetur adipiscing elit.,message,true,11/30/2041 07:26:52
244,116,,Quisque non mi nec justo tincidunt fermentum.,story,true,8/15/2025 14:33:59
245,15,,Fusce nec justo nec libero luctus fermentum.,story,false,3/18/2013 20:14:14
246,118,324,Lorem ipsum dolor sit amet,message,false,3/7/2048 19:27:20
247,164,,justo nec fermentum.,story,true,5/26/2041 15:10:54
248,952,668,Proin nec justo nec libero luctus fermentum.,message,false,1/31/2015 17:42:39
249,874,,consectetur adipiscing elit.,story,false,9/9/2012 09:25:20
250,238,829,Pellentesque habitant morbi tristique senectus et netus et malesuada fames ac turpis egestas.,message,false,7/28/2000 11:57:29
251,869,456,Pellentesque habitant morbi tristique senectus et netus et malesuada fames ac turpis egestas.,message,false,3/6/2004 09:38:39
252,661,,Fusce nec justo nec libero luctus fermentum.,story,true,11/27/2035 05:54:31
253,698,108,Proin nec justo nec libero luctus fermentum.,message,true,6/27/2034 10:04:33
254,651,,Etiam nec justo nec libero luctus fermentum.,story,true,9/5/2018 03:40:08
255,486,512,Quisque non mi nec justo tincidunt fermentum.,message,true,3/7/2037 14:37:50
256,952,810,Suspendisse potenti. Nullam euismod,message,true,10/28/2046 10:14:15
257,267,191,Pellentesque habitant morbi tristique senectus et netus et malesuada fames ac turpis egestas.,message,true,11/30/2044 19:24:53
258,593,,Quisque non mi nec justo tincidunt fermentum.,story,false,10/24/2050 22:57:06
259,606,24,Etiam nec justo nec libero luctus fermentum.,message,true,8/20/2027 11:50:19
260,26,258,justo nec fermentum.,message,false,6/13/2010 05:02:47
261,151,41,justo nec fermentum.,message,false,12/6/2020 01:43:11
262,272,582,consectetur adipiscing elit.,message,true,1/9/2034 16:20:14
263,973,847,justo nec fermentum.,message,true,12/29/2022 11:06:58
264,836,,Pellentesque habitant morbi tristique senectus et netus et malesuada fames ac turpis egestas.,story,false,12/24/2009 01:59:03
265,352,,Etiam nec justo nec libero luctus fermentum.,story,true,6/25/2009 17:48:43
266,102,894,Pellentesque habitant morbi tristique senectus et netus et malesuada fames ac turpis egestas.,message,false,11/19/2016 16:14:22
267,555,873,Lorem ipsum dolor sit amet,message,false,9/5/2006 05:06:32
268,393,560,Donec nec justo nec libero luctus fermentum.,message,true,3/30/2021 23:05:51
269,0,462,Quisque non mi nec justo tincidunt fermentum.,message,false,6/9/2044 06:50:06
270,700,,Pellentesque habitant morbi tristique senectus et netus et malesuada fames ac turpis egestas.,story,true,2/24/2006 10:41:25
271,383,148,Quisque non mi nec justo tincidunt fermentum.,message,false,11/20/2038 17:57:41
272,639,466,Vestibulum ante ipsum primis in faucibus orci luctus et ultrices posuere cubilia Curae;,message,false,6/12/2050 10:55:33
273,139,,Fusce nec justo nec libero luctus fermentum.,story,false,5/23/2015 07:36:01
274,500,107,Nulla facilisi. Nullam nec justo nec libero luctus fermentum.,message,true,3/26/2041 18:04:21
275,68,,Etiam nec justo nec libero luctus fermentum.,story,false,9/28/2013 07:50:19
276,580,,Donec nec justo nec libero luctus fermentum.,story,true,2/18/2003 17:13:25
277,344,,Pellentesque habitant morbi tristique senectus et netus et malesuada fames ac turpis egestas.,story,false,6/3/2040 02:42:43
278,407,,Lorem ipsum dolor sit amet,story,false,5/27/2025 01:35:03
279,897,67,Donec nec justo nec libero luctus fermentum.,message,true,2/23/2023 06:44:01
280,527,573,Etiam nec justo nec libero luctus fermentum.,message,true,9/4/2010 15:53:02
281,19,,Lorem ipsum dolor sit amet,story,false,11/4/2007 17:27:11
282,750,,Etiam nec justo nec libero luctus fermentum.,story,false,12/28/2020 01:34:22
283,857,53,Fusce nec justo nec libero luctus fermentum.,message,true,10/31/2008 22:50:42
284,855,,justo nec fermentum.,story,false,12/7/2040 23:04:45
285,697,,Proin nec justo nec libero luctus fermentum.,story,false,8/15/2034 22:59:38
286,209,272,Vestibulum ante ipsum primis in faucibus orci luctus et ultrices posuere cubilia Curae;,message,false,4/17/2016 14:26:01
287,77,223,Etiam nec justo nec libero luctus fermentum.,message,false,2/9/2044 17:14:10
288,40,,Etiam nec justo nec libero luctus fermentum.,story,true,4/21/2044 05:19:23
289,598,14,Suspendisse potenti. Nullam euismod,message,false,8/2/2026 13:29:33
290,81,229,Suspendisse potenti. Nullam euismod,message,true,4/25/2029 03:02:38
291,876,,Lorem ipsum dolor sit amet,story,false,1/18/2010 17:21:23
292,376,,Donec nec justo nec libero luctus fermentum.,story,true,2/28/2029 02:40:21
293,193,351,Vestibulum ante ipsum primis in faucibus orci luctus et ultrices posuere cubilia Curae;,message,true,10/18/2012 10:14:06
294,204,800,justo nec fermentum.,message,true,1/17/2043 20:09:20
295,95,,Suspendisse potenti. Nullam euismod,story,true,12/1/2034 21:33:49
296,216,,Quisque non mi nec justo tincidunt fermentum.,story,false,9/26/2050 10:27:15
297,651,88,Vestibulum ante ipsum primis in faucibus orci luctus et ultrices posuere cubilia Curae;,message,true,9/19/2023 13:46:57
298,102,325,Donec nec justo nec libero luctus fermentum.,message,true,7/27/2010 21:56:01
299,262,,Lorem ipsum dolor sit amet,story,false,2/3/2008 08:09:51
300,634,389,consectetur adipiscing elit.,message,true,6/27/2004 00:48:17
301,196,,Pellentesque habitant morbi tristique senectus et netus et malesuada fames ac turpis egestas.,story,false,12/16/2036 03:39:03
302,591,,justo nec fermentum.,story,false,6/8/2025 09:54:43
303,112,,Fusce nec justo nec libero luctus fermentum.,story,true,10/29/2047 20:25:40
304,773,,Donec nec justo nec libero luctus fermentum.,story,true,3/26/2044 01:29:06
305,917,,Proin nec justo nec libero luctus fermentum.,story,false,1/23/2024 02:22:12
306,308,,Vestibulum ante ipsum primis in faucibus orci luctus et ultrices posuere cubilia Curae;,story,false,8/11/2003 10:06:44
307,913,,consectetur adipiscing elit.,story,true,4/3/2008 05:12:05
308,664,733,Lorem ipsum dolor sit amet,message,true,1/27/2003 05:36:44
309,960,,Nulla facilisi. Nullam nec justo nec libero luctus fermentum.,story,false,1/19/2019 16:58:55
310,675,173,Donec nec justo nec libero luctus fermentum.,message,false,1/15/2041 08:06:35
311,791,74,Proin nec justo nec libero luctus fermentum.,message,false,3/16/2011 18:15:52
312,251,,Vestibulum ante ipsum primis in faucibus orci luctus et ultrices posuere cubilia Curae;,story,false,2/17/2008 21:31:38
313,700,661,Nulla facilisi. Nullam nec justo nec libero luctus fermentum.,message,true,5/3/2033 17:44:40
314,539,,Suspendisse potenti. Nullam euismod,story,true,7/23/2035 00:44:13
315,790,,Nulla facilisi. Nullam nec justo nec libero luctus fermentum.,story,false,5/5/2041 02:38:48
316,123,,Etiam nec justo nec libero luctus fermentum.,story,false,1/28/2025 17:29:40
317,583,,justo nec fermentum.,story,true,2/15/2014 23:30:18
318,546,671,Vestibulum ante ipsum primis in faucibus orci luctus et ultrices posuere cubilia Curae;,message,true,5/20/2029 18:06:14
319,458,,consectetur adipiscing elit.,story,true,1/9/2043 20:48:18
320,591,,Pellentesque habitant morbi tristique senectus et netus et malesuada fames ac turpis egestas.,story,false,3/7/2038 14:49:56
321,383,,Quisque non mi nec justo tincidunt fermentum.,story,false,1/1/2028 07:08:10
322,257,,Fusce nec justo nec libero luctus fermentum.,story,true,3/10/2032 12:59:10
323,972,,Lorem ipsum dolor sit amet,story,false,12/27/2038 14:46:51
324,52,,consectetur adipiscing elit.,story,true,9/17/2049 23:42:49
325,886,686,consectetur adipiscing elit.,message,true,1/11/2003 04:30:38
326,168,322,Lorem ipsum dolor sit amet,message,false,5/2/2014 00:22:00
327,255,,Pellentesque habitant morbi tristique senectus et netus et malesuada fames ac turpis egestas.,story,false,5/25/2037 22:58:59
328,683,,Suspendisse potenti. Nullam euismod,story,true,8/8/2019 14:25:02
329,882,748,Vestibulum ante ipsum primis in faucibus orci luctus et ultrices posuere cubilia Curae;,message,false,8/2/2027 03:02:01
330,571,,Nulla facilisi. Nullam nec justo nec libero luctus fermentum.,story,false,9/6/2040 01:36:01
331,287,995,Nulla facilisi. Nullam nec justo nec libero luctus fermentum.,message,true,8/9/2008 15:22:17
332,216,,Proin nec justo nec libero luctus fermentum.,story,false,3/17/2020 01:31:32
333,265,,Proin nec justo nec libero luctus fermentum.,story,false,4/27/2018 22:26:49
334,709,,Nulla facilisi. Nullam nec justo nec libero luctus fermentum.,story,true,7/13/2034 02:25:13
335,165,,Vestibulum ante ipsum primis in faucibus orci luctus et ultrices posuere cubilia Curae;,story,false,4/12/2038 20:39:37
336,332,10,consectetur adipiscing elit.,message,true,8/27/2009 12:23:25
337,628,,consectetur adipiscing elit.,story,true,12/30/2011 16:05:35
338,634,,Fusce nec justo nec libero luctus fermentum.,story,true,4/17/2024 07:28:24
339,613,,Lorem ipsum dolor sit amet,story,false,1/4/2026 11:57:34
340,104,,Vestibulum ante ipsum primis in faucibus orci luctus et ultrices posuere cubilia Curae;,story,false,9/19/2009 11:49:56
341,844,752,Fusce nec justo nec libero luctus fermentum.,message,true,2/11/2007 15:41:18
342,38,698,Suspendisse potenti. Nullam euismod,message,true,1/10/2036 18:17:38
343,934,857,justo nec fermentum.,message,true,12/3/2040 00:31:59
344,775,,Lorem ipsum dolor sit amet,story,false,3/3/2038 07:53:21
345,306,,Etiam nec justo nec libero luctus fermentum.,story,false,7/4/2012 17:30:27
346,595,,consectetur adipiscing elit.,story,false,8/24/2007 06:50:29
347,120,,Pellentesque habitant morbi tristique senectus et netus et malesuada fames ac turpis egestas.,story,true,5/23/2018 04:49:22
348,501,,Fusce nec justo nec libero luctus fermentum.,story,false,4/14/2017 15:12:59
349,896,424,Proin nec justo nec libero luctus fermentum.,message,false,3/4/2005 11:53:35
350,591,257,Vestibulum ante ipsum primis in faucibus orci luctus et ultrices posuere cubilia Curae;,message,false,2/23/2003 03:05:31
351,285,,justo nec fermentum.,story,true,10/18/2011 21:32:02
352,919,988,Lorem ipsum dolor sit amet,message,false,12/20/2020 12:04:57
353,970,858,Etiam nec justo nec libero luctus fermentum.,message,false,2/25/2045 00:42:37
354,182,,Etiam nec justo nec libero luctus fermentum.,story,true,11/8/2031 04:53:39
355,35,,Quisque non mi nec justo tincidunt fermentum.,story,false,9/25/2017 15:10:42
356,558,,Pellentesque habitant morbi tristique senectus et netus et malesuada fames ac turpis egestas.,story,true,6/6/2028 13:10:02
357,377,,Vestibulum ante ipsum primis in faucibus orci luctus et ultrices posuere cubilia Curae;,story,true,5/27/2009 15:24:02
358,405,,Lorem ipsum dolor sit amet,story,true,3/9/2025 03:12:12
359,102,133,Pellentesque habitant morbi tristique senectus et netus et malesuada fames ac turpis egestas.,message,true,4/8/2018 06:47:47
360,813,,Vestibulum ante ipsum primis in faucibus orci luctus et ultrices posuere cubilia Curae;,story,true,4/27/2007 16:34:10
361,125,,Quisque non mi nec justo tincidunt fermentum.,story,false,3/8/2008 16:10:46
362,371,,Quisque non mi nec justo tincidunt fermentum.,story,true,3/14/2048 14:49:33
363,867,757,justo nec fermentum.,message,true,1/20/2024 19:18:52
364,351,,Vestibulum ante ipsum primis in faucibus orci luctus et ultrices posuere cubilia Curae;,story,true,11/4/2002 14:49:11
365,791,,consectetur adipiscing elit.,story,false,4/19/2008 11:09:33
366,291,178,Proin nec justo nec libero luctus fermentum.,message,true,1/9/2010 02:29:21
367,554,,Quisque non mi nec justo tincidunt fermentum.,story,true,10/19/2011 11:46:25
368,771,689,Nulla facilisi. Nullam nec justo nec libero luctus fermentum.,message,false,7/21/2048 20:12:42
369,401,,Fusce nec justo nec libero luctus fermentum.,story,false,7/27/2041 16:55:46
370,549,,Lorem ipsum dolor sit amet,story,false,2/6/2001 06:18:31
371,543,502,Lorem ipsum dolor sit amet,message,true,7/5/2012 12:26:29
372,526,83,justo nec fermentum.,message,false,5/22/2027 11:39:35
373,452,,Nulla facilisi. Nullam nec justo nec libero luctus fermentum.,story,false,2/25/2042 00:15:28
374,711,619,justo nec fermentum.,message,false,3/29/2048 16:46:02
375,127,366,Etiam nec justo nec libero luctus fermentum.,message,false,8/11/2038 07:54:27
376,1,,Suspendisse potenti. Nullam euismod,story,false,6/15/2039 23:51:11
377,607,,consectetur adipiscing elit.,story,true,3/12/2008 03:02:54
378,676,24,Etiam nec justo nec libero luctus fermentum.,message,true,11/21/2033 00:02:37
379,34,,Proin nec justo nec libero luctus fermentum.,story,true,7/26/2009 03:14:07
380,87,,Quisque non mi nec justo tincidunt fermentum.,story,false,11/22/2011 13:17:23
381,745,90,Quisque non mi nec justo tincidunt fermentum.,message,true,12/30/2014 13:34:04
382,597,258,Lorem ipsum dolor sit amet,message,false,9/14/2039 03:22:00
383,838,,Suspendisse potenti. Nullam euismod,story,false,10/28/2030 12:51:46
384,755,,Donec nec justo nec libero luctus fermentum.,story,false,1/13/2006 01:38:52
385,66,,Proin nec justo nec libero luctus fermentum.,story,false,10/22/2033 14:04:39
386,983,362,Nulla facilisi. Nullam nec justo nec libero luctus fermentum.,message,false,2/19/2035 17:06:53
387,115,255,Suspendisse potenti. Nullam euismod,message,true,6/8/2050 11:39:34
388,115,,Proin nec justo nec libero luctus fermentum.,story,true,12/12/2002 01:02:09
389,521,,Proin nec justo nec libero luctus fermentum.,story,true,9/22/2048 20:12:01
390,820,35,Pellentesque habitant morbi tristique senectus et netus et malesuada fames ac turpis egestas.,message,false,5/1/2036 06:25:11
391,103,478,Vestibulum ante ipsum primis in faucibus orci luctus et ultrices posuere cubilia Curae;,message,true,1/23/2050 09:37:59
392,101,,Vestibulum ante ipsum primis in faucibus orci luctus et ultrices posuere cubilia Curae;,story,true,12/24/2018 10:14:19
393,572,332,Quisque non mi nec justo tincidunt fermentum.,message,true,8/19/2001 00:52:47
394,140,923,Vestibulum ante ipsum primis in faucibus orci luctus et ultrices posuere cubilia Curae;,message,false,6/1/2007 12:44:58
395,304,,justo nec fermentum.,story,false,6/11/2018 09:02:37
396,444,778,Fusce nec justo nec libero luctus fermentum.,message,true,4/26/2029 09:00:04
397,333,450,Suspendisse potenti. Nullam euismod,message,true,4/29/2038 06:09:12
398,811,,justo nec fermentum.,story,true,4/24/2049 01:23:05
399,98,527,Fusce nec justo nec libero luctus fermentum.,message,true,5/7/2015 02:47:45
400,126,30,Suspendisse potenti. Nullam euismod,message,true,2/2/2017 20:04:25
401,251,831,Nulla facilisi. Nullam nec justo nec libero luctus fermentum.,message,true,1/3/2000 00:35:17
402,769,130,Fusce nec justo nec libero luctus fermentum.,message,false,9/10/2015 11:59:13
403,779,355,Pellentesque habitant morbi tristique senectus et netus et malesuada fames ac turpis egestas.,message,true,3/7/2001 01:12:06
404,297,,consectetur adipiscing elit.,story,true,11/1/2034 16:45:01
405,11,,Nulla facilisi. Nullam nec justo nec libero luctus fermentum.,story,false,10/9/2015 12:20:42
406,832,,Proin nec justo nec libero luctus fermentum.,story,true,6/14/2001 14:26:32
407,287,831,Fusce nec justo nec libero luctus fermentum.,message,true,3/27/2003 15:12:01
408,288,965,consectetur adipiscing elit.,message,true,11/11/2022 06:08:27
409,475,,Suspendisse potenti. Nullam euismod,story,false,3/1/2017 18:25:38
410,733,,Donec nec justo nec libero luctus fermentum.,story,false,4/29/2047 16:18:59
411,511,8,justo nec fermentum.,message,false,5/1/2044 21:26:55
412,427,,Quisque non mi nec justo tincidunt fermentum.,story,true,7/2/2018 07:14:51
413,514,,justo nec fermentum.,story,false,9/8/2045 11:03:37
414,214,,Suspendisse potenti. Nullam euismod,story,false,10/30/2039 17:25:18
415,558,,justo nec fermentum.,story,false,1/13/2014 11:37:24
416,441,416,Vestibulum ante ipsum primis in faucibus orci luctus et ultrices posuere cubilia Curae;,message,true,8/28/2042 20:51:50
417,171,990,Fusce nec justo nec libero luctus fermentum.,message,true,2/25/2020 16:40:34
418,277,,Suspendisse potenti. Nullam euismod,story,false,4/28/2044 07:12:19
419,852,0,Vestibulum ante ipsum primis in faucibus orci luctus et ultrices posuere cubilia Curae;,message,true,7/12/2049 18:52:37
420,789,,consectetur adipiscing elit.,story,true,9/15/2016 13:09:37
421,137,,consectetur adipiscing elit.,story,true,11/11/2041 05:04:22
422,987,,justo nec fermentum.,story,false,6/5/2023 08:43:36
423,111,,Nulla facilisi. Nullam nec justo nec libero luctus fermentum.,story,false,6/15/2024 07:18:21
424,512,,Quisque non mi nec justo tincidunt fermentum.,story,false,11/28/2045 05:06:51
425,355,,Quisque non mi nec justo tincidunt fermentum.,story,false,4/3/2047 20:50:47
426,102,,Etiam nec justo nec libero luctus fermentum.,story,false,7/11/2005 01:52:32
427,511,629,justo nec fermentum.,message,true,8/4/2017 02:56:35
428,288,,Fusce nec justo nec libero luctus fermentum.,story,false,1/5/2019 09:39:09
429,447,,Lorem ipsum dolor sit amet,story,false,10/8/2021 22:12:29
430,273,,Donec nec justo nec libero luctus fermentum.,story,true,10/23/2037 10:53:09
431,709,218,Donec nec justo nec libero luctus fermentum.,message,false,4/21/2003 09:29:58
432,218,,Donec nec justo nec libero luctus fermentum.,story,true,1/3/2018 00:23:14
433,652,,Nulla facilisi. Nullam nec justo nec libero luctus fermentum.,story,false,2/8/2036 23:08:11
434,585,,Etiam nec justo nec libero luctus fermentum.,story,false,2/9/2033 11:19:44
435,808,782,Vestibulum ante ipsum primis in faucibus orci luctus et ultrices posuere cubilia Curae;,message,true,8/22/2050 20:46:33
436,166,580,Nulla facilisi. Nullam nec justo nec libero luctus fermentum.,message,false,10/22/2042 17:18:49
437,752,577,Lorem ipsum dolor sit amet,message,true,8/20/2014 14:19:39
438,247,,Vestibulum ante ipsum primis in faucibus orci luctus et ultrices posuere cubilia Curae;,story,true,7/2/2033 03:06:10
439,976,,Pellentesque habitant morbi tristique senectus et netus et malesuada fames ac turpis egestas.,story,true,9/16/2006 17:52:24
440,534,753,Fusce nec justo nec libero luctus fermentum.,message,false,6/4/2019 01:43:13
441,985,985,Nulla facilisi. Nullam nec justo nec libero luctus fermentum.,message,true,6/6/2036 12:50:20
442,414,,Suspendisse potenti. Nullam euismod,story,true,10/8/2022 01:29:53
443,286,,justo nec fermentum.,story,false,2/21/2007 06:46:17
444,821,853,Etiam nec justo nec libero luctus fermentum.,message,true,8/4/2040 22:04:54
445,630,,justo nec fermentum.,story,false,11/12/2003 20:44:57
446,565,,Nulla facilisi. Nullam nec justo nec libero luctus fermentum.,story,true,3/26/2048 19:32:31
447,669,807,Pellentesque habitant morbi tristique senectus et netus et malesuada fames ac turpis egestas.,message,true,4/19/2046 22:35:31
448,254,390,Etiam nec justo nec libero luctus fermentum.,message,true,4/29/2032 19:24:18
449,671,643,Proin nec justo nec libero luctus fermentum.,message,true,4/30/2016 17:25:43
450,387,701,consectetur adipiscing elit.,message,false,8/3/2032 12:21:35
451,566,356,Vestibulum ante ipsum primis in faucibus orci luctus et ultrices posuere cubilia Curae;,message,false,8/2/2005 09:12:49
452,991,,Lorem ipsum dolor sit amet,story,false,5/21/2040 03:06:42
453,693,,Pellentesque habitant morbi tristique senectus et netus et malesuada fames ac turpis egestas.,story,true,3/22/2002 15:56:38
454,782,,Etiam nec justo nec libero luctus fermentum.,story,false,8/17/2021 01:54:22
455,134,976,Proin nec justo nec libero luctus fermentum.,message,true,12/3/2007 05:58:30
456,207,,Suspendisse potenti. Nullam euismod,story,false,8/26/2021 02:06:34
457,951,,Etiam nec justo nec libero luctus fermentum.,story,true,9/12/2036 18:59:24
458,452,730,Etiam nec justo nec libero luctus fermentum.,message,false,6/24/2018 13:42:05
459,777,688,Fusce nec justo nec libero luctus fermentum.,message,false,1/7/2026 09:42:31
460,231,,Proin nec justo nec libero luctus fermentum.,story,false,11/7/2024 20:58:46
461,290,,Suspendisse potenti. Nullam euismod,story,false,2/19/2048 13:09:55
462,403,29,consectetur adipiscing elit.,message,true,4/23/2044 05:15:43
463,978,296,justo nec fermentum.,message,false,7/19/2015 13:43:05
464,392,664,Suspendisse potenti. Nullam euismod,message,false,5/6/2043 00:43:41
465,103,635,Suspendisse potenti. Nullam euismod,message,true,4/4/2046 08:36:12
466,198,,Suspendisse potenti. Nullam euismod,story,false,4/29/2026 00:20:33
467,370,452,Nulla facilisi. Nullam nec justo nec libero luctus fermentum.,message,false,9/4/2022 11:02:48
468,455,,Lorem ipsum dolor sit amet,story,true,2/10/2031 15:43:13
469,33,,Pellentesque habitant morbi tristique senectus et netus et malesuada fames ac turpis egestas.,story,true,1/13/2045 03:50:54
470,594,213,Fusce nec justo nec libero luctus fermentum.,message,true,2/21/2030 01:52:02
471,50,,Fusce nec justo nec libero luctus fermentum.,story,true,9/27/2023 07:37:22
472,295,,Etiam nec justo nec libero luctus fermentum.,story,false,11/28/2035 16:06:13
473,254,11,Fusce nec justo nec libero luctus fermentum.,message,true,10/23/2009 23:17:41
474,124,,consectetur adipiscing elit.,story,true,12/22/2030 16:21:17
475,147,,Lorem ipsum dolor sit amet,story,true,7/29/2024 17:02:39
476,455,668,Fusce nec justo nec libero luctus fermentum.,message,true,12/29/2048 14:56:32
477,35,,Pellentesque habitant morbi tristique senectus et netus et malesuada fames ac turpis egestas.,story,true,2/8/2008 21:31:04
478,684,90,Suspendisse potenti. Nullam euismod,message,false,7/2/2022 15:50:29
479,602,,Nulla facilisi. Nullam nec justo nec libero luctus fermentum.,story,true,4/25/2043 11:37:40
480,658,51,Quisque non mi nec justo tincidunt fermentum.,message,true,4/7/2015 17:44:45
481,563,874,Fusce nec justo nec libero luctus fermentum.,message,true,7/31/2042 07:01:55
482,244,557,Nulla facilisi. Nullam nec justo nec libero luctus fermentum.,message,false,7/4/2010 19:22:17
483,32,332,justo nec fermentum.,message,true,2/11/2016 06:16:56
484,802,,Vestibulum ante ipsum primis in faucibus orci luctus et ultrices posuere cubilia Curae;,story,false,9/26/2011 19:00:17
485,297,392,Vestibulum ante ipsum primis in faucibus orci luctus et ultrices posuere cubilia Curae;,message,true,11/4/2005 17:31:29
486,952,,Vestibulum ante ipsum primis in faucibus orci luctus et ultrices posuere cubilia Curae;,story,false,11/23/2041 23:06:21
487,253,,Proin nec justo nec libero luctus fermentum.,story,true,10/28/2047 05:56:11
488,123,96,Lorem ipsum dolor sit amet,message,true,4/9/2045 15:26:11
489,408,285,Proin nec justo nec libero luctus fermentum.,message,false,7/11/2004 03:43:56
490,54,172,Fusce nec justo nec libero luctus fermentum.,message,false,2/6/2049 09:05:27
491,709,,Nulla facilisi. Nullam nec justo nec libero luctus fermentum.,story,true,2/6/2035 07:00:06
492,64,823,Proin nec justo nec libero luctus fermentum.,message,false,1/14/2039 14:54:03
493,828,688,Lorem ipsum dolor sit amet,message,true,12/3/2044 13:50:22
494,686,,Nulla facilisi. Nullam nec justo nec libero luctus fermentum.,story,true,6/7/2033 15:43:52
495,9,,Nulla facilisi. Nullam nec justo nec libero luctus fermentum.,story,true,4/12/2012 06:29:12
496,292,,Donec nec justo nec libero luctus fermentum.,story,true,4/12/2009 07:29:49
497,826,612,Quisque non mi nec justo tincidunt fermentum.,message,true,2/29/2032 13:36:09
498,40,791,Lorem ipsum dolor sit amet,message,false,1/10/2037 03:32:51
499,563,,Nulla facilisi. Nullam nec justo nec libero luctus fermentum.,story,false,3/13/2023 22:02:04
500,673,,Quisque non mi nec justo tincidunt fermentum.,story,true,2/17/2038 06:27:39
501,418,,Etiam nec justo nec libero luctus fermentum.,story,true,8/4/2017 05:47:31
502,414,,justo nec fermentum.,story,false,6/29/2039 19:19:24
503,697,536,Pellentesque habitant morbi tristique senectus et netus et malesuada fames ac turpis egestas.,message,false,11/15/2046 11:15:52
504,934,,Donec nec justo nec libero luctus fermentum.,story,false,5/16/2018 16:35:31
505,104,,Vestibulum ante ipsum primis in faucibus orci luctus et ultrices posuere cubilia Curae;,story,true,1/27/2004 13:14:26
506,931,,Vestibulum ante ipsum primis in faucibus orci luctus et ultrices posuere cubilia Curae;,story,true,8/24/2044 04:16:27
507,282,,Vestibulum ante ipsum primis in faucibus orci luctus et ultrices posuere cubilia Curae;,story,true,10/21/2017 00:36:11
508,712,,Lorem ipsum dolor sit amet,story,true,7/1/2012 18:19:24
509,555,,Nulla facilisi. Nullam nec justo nec libero luctus fermentum.,story,false,5/30/2012 21:02:19
510,650,,Etiam nec justo nec libero luctus fermentum.,story,true,5/15/2050 07:09:50
511,583,,Donec nec justo nec libero luctus fermentum.,story,true,3/14/2039 09:18:43
512,445,431,Suspendisse potenti. Nullam euismod,message,true,4/20/2023 22:46:46
513,466,286,justo nec fermentum.,message,true,11/15/2009 02:59:06
514,846,,Vestibulum ante ipsum primis in faucibus orci luctus et ultrices posuere cubilia Curae;,story,false,3/26/2026 11:53:47
515,831,622,Lorem ipsum dolor sit amet,message,true,5/6/2016 16:24:42
516,398,518,Etiam nec justo nec libero luctus fermentum.,message,false,9/13/2021 19:19:50
517,17,262,Donec nec justo nec libero luctus fermentum.,message,false,8/20/2041 06:42:41
518,127,,Vestibulum ante ipsum primis in faucibus orci luctus et ultrices posuere cubilia Curae;,story,false,11/14/2020 16:02:12
519,296,624,Pellentesque habitant morbi tristique senectus et netus et malesuada fames ac turpis egestas.,message,false,1/17/2003 08:11:40
520,906,772,Quisque non mi nec justo tincidunt fermentum.,message,true,11/3/2018 12:24:26
521,996,462,Fusce nec justo nec libero luctus fermentum.,message,false,5/15/2044 23:40:09
522,4,,Lorem ipsum dolor sit amet,story,false,2/21/2041 17:16:59
523,996,,Lorem ipsum dolor sit amet,story,false,11/20/2005 11:36:03
524,652,947,Pellentesque habitant morbi tristique senectus et netus et malesuada fames ac turpis egestas.,message,true,9/15/2017 02:46:59
525,567,715,Proin nec justo nec libero luctus fermentum.,message,true,4/14/2043 07:13:23
526,294,,Pellentesque habitant morbi tristique senectus et netus et malesuada fames ac turpis egestas.,story,true,7/7/2037 10:54:34
527,364,764,justo nec fermentum.,message,true,1/13/2023 12:42:08
528,635,,Donec nec justo nec libero luctus fermentum.,story,true,8/1/2003 08:13:04
529,366,,Pellentesque habitant morbi tristique senectus et netus et malesuada fames ac turpis egestas.,story,true,9/11/2050 11:03:03
530,861,,Pellentesque habitant morbi tristique senectus et netus et malesuada fames ac turpis egestas.,story,false,10/31/2016 23:41:30
531,344,1000,Donec nec justo nec libero luctus fermentum.,message,true,10/29/2011 05:49:07
532,109,,Nulla facilisi. Nullam nec justo nec libero luctus fermentum.,story,true,9/8/2043 02:46:02
533,17,526,consectetur adipiscing elit.,message,false,11/26/2031 08:34:03
534,942,393,justo nec fermentum.,message,false,2/20/2011 20:20:54
535,381,853,Proin nec justo nec libero luctus fermentum.,message,true,6/21/2044 13:14:14
536,366,,Lorem ipsum dolor sit amet,story,true,11/7/2019 12:23:38
537,474,,Pellentesque habitant morbi tristique senectus et netus et malesuada fames ac turpis egestas.,story,true,4/28/2041 18:34:26
538,281,714,Pellentesque habitant morbi tristique senectus et netus et malesuada fames ac turpis egestas.,message,true,7/12/2008 07:22:28
539,809,,Quisque non mi nec justo tincidunt fermentum.,story,false,9/16/2042 11:41:27
540,314,,justo nec fermentum.,story,false,12/15/2040 14:37:41
541,54,801,Proin nec justo nec libero luctus fermentum.,message,false,10/5/2022 13:53:00
542,369,,consectetur adipiscing elit.,story,false,9/24/2012 06:02:49
543,994,,Quisque non mi nec justo tincidunt fermentum.,story,false,5/21/2042 18:26:12
544,596,301,Proin nec justo nec libero luctus fermentum.,message,false,9/19/2022 18:39:40
545,331,30,consectetur adipiscing elit.,message,false,3/24/2037 15:06:55
546,696,259,consectetur adipiscing elit.,message,false,11/23/2004 01:11:32
547,555,974,Suspendisse potenti. Nullam euismod,message,false,8/11/2008 09:41:02
548,621,,Nulla facilisi. Nullam nec justo nec libero luctus fermentum.,story,true,3/13/2047 15:12:28
549,229,,consectetur adipiscing elit.,story,true,3/2/2004 13:27:57
550,809,,justo nec fermentum.,story,false,8/14/2048 07:09:41
551,114,,justo nec fermentum.,story,false,1/20/2012 06:10:16
552,671,929,Pellentesque habitant morbi tristique senectus et netus et malesuada fames ac turpis egestas.,message,false,11/6/2032 14:02:09
553,977,179,justo nec fermentum.,message,false,6/20/2040 07:11:10
554,819,,Nulla facilisi. Nullam nec justo nec libero luctus fermentum.,story,true,5/17/2031 07:58:45
555,954,179,justo nec fermentum.,message,true,8/20/2014 16:02:19
556,69,,Vestibulum ante ipsum primis in faucibus orci luctus et ultrices posuere cubilia Curae;,story,false,12/4/2022 23:48:10
557,576,,justo nec fermentum.,story,false,2/13/2014 09:56:34
558,651,477,Quisque non mi nec justo tincidunt fermentum.,message,false,12/3/2002 23:14:01
559,557,153,Pellentesque habitant morbi tristique senectus et netus et malesuada fames ac turpis egestas.,message,true,10/25/2042 14:17:42
560,846,,Nulla facilisi. Nullam nec justo nec libero luctus fermentum.,story,true,2/8/2045 13:48:48
561,128,,Vestibulum ante ipsum primis in faucibus orci luctus et ultrices posuere cubilia Curae;,story,false,2/1/2013 04:56:07
562,273,,Suspendisse potenti. Nullam euismod,story,true,12/12/2017 09:09:59
563,759,,justo nec fermentum.,story,true,8/16/2001 04:25:10
564,943,235,Vestibulum ante ipsum primis in faucibus orci luctus et ultrices posuere cubilia Curae;,message,true,7/5/2012 09:08:29
565,999,956,Etiam nec justo nec libero luctus fermentum.,message,true,1/15/2023 09:24:23
566,523,,Proin nec justo nec libero luctus fermentum.,story,true,5/17/2003 16:35:12
567,47,,Suspendisse potenti. Nullam euismod,story,true,4/12/2008 10:08:51
568,80,,Vestibulum ante ipsum primis in faucibus orci luctus et ultrices posuere cubilia Curae;,story,false,5/31/2049 10:20:21
569,736,,Proin nec justo nec libero luctus fermentum.,story,false,10/16/2015 00:42:32
570,900,,Quisque non mi nec justo tincidunt fermentum.,story,false,8/31/2018 06:48:48
571,602,51,consectetur adipiscing elit.,message,false,3/10/2025 05:38:50
572,465,,Vestibulum ante ipsum primis in faucibus orci luctus et ultrices posuere cubilia Curae;,story,true,5/17/2045 15:10:01
573,326,272,Pellentesque habitant morbi tristique senectus et netus et malesuada fames ac turpis egestas.,message,true,9/7/2043 08:31:51
574,975,,Pellentesque habitant morbi tristique senectus et netus et malesuada fames ac turpis egestas.,story,true,5/29/2049 04:31:23
575,79,,Fusce nec justo nec libero luctus fermentum.,story,true,12/23/2000 12:09:40
576,976,145,Pellentesque habitant morbi tristique senectus et netus et malesuada fames ac turpis egestas.,message,false,6/27/2019 00:27:13
577,43,,Quisque non mi nec justo tincidunt fermentum.,story,true,10/6/2032 06:15:54
578,512,,Donec nec justo nec libero luctus fermentum.,story,false,3/3/2008 08:34:01
579,30,,Etiam nec justo nec libero luctus fermentum.,story,true,3/17/2002 15:39:33
580,721,,justo nec fermentum.,story,true,11/25/2018 09:45:08
581,625,728,Quisque non mi nec justo tincidunt fermentum.,message,false,5/24/2029 18:35:14
582,441,,Donec nec justo nec libero luctus fermentum.,story,false,9/22/2005 12:21:31
583,421,,Donec nec justo nec libero luctus fermentum.,story,true,8/24/2022 12:57:46
584,409,,Donec nec justo nec libero luctus fermentum.,story,false,10/27/2011 13:45:48
585,26,,Vestibulum ante ipsum primis in faucibus orci luctus et ultrices posuere cubilia Curae;,story,false,11/25/2032 02:52:33
586,6,259,Suspendisse potenti. Nullam euismod,message,true,11/20/2000 10:28:50
587,881,465,Fusce nec justo nec libero luctus fermentum.,message,false,4/30/2044 00:40:11
588,578,912,Suspendisse potenti. Nullam euismod,message,false,3/2/2018 16:29:33
589,23,180,justo nec fermentum.,message,false,3/6/2030 00:35:11
590,979,,Nulla facilisi. Nullam nec justo nec libero luctus fermentum.,story,false,11/30/2037 15:50:59
591,703,,Suspendisse potenti. Nullam euismod,story,true,10/3/2029 01:28:41
592,610,829,Proin nec justo nec libero luctus fermentum.,message,true,6/6/2020 04:17:41
593,559,272,Lorem ipsum dolor sit amet,message,true,2/26/2040 02:59:56
594,457,65,justo nec fermentum.,message,false,11/18/2050 17:52:39
595,190,,Nulla facilisi. Nullam nec justo nec libero luctus fermentum.,story,true,6/11/2021 13:40:46
596,499,123,Etiam nec justo nec libero luctus fermentum.,message,true,8/9/2038 12:16:55
597,436,,Vestibulum ante ipsum primis in faucibus orci luctus et ultrices posuere cubilia Curae;,story,false,3/10/2008 21:08:36
598,332,,consectetur adipiscing elit.,story,true,8/16/2040 14:59:59
599,702,121,Nulla facilisi. Nullam nec justo nec libero luctus fermentum.,message,true,3/18/2015 23:40:49
600,18,,Nulla facilisi. Nullam nec justo nec libero luctus fermentum.,story,true,8/28/2008 14:07:29
601,743,273,Donec nec justo nec libero luctus fermentum.,message,false,4/18/2033 10:06:15
602,401,,consectetur adipiscing elit.,story,true,10/1/2000 06:39:48
603,920,,justo nec fermentum.,story,false,9/17/2007 23:07:24
604,737,,Lorem ipsum dolor sit amet,story,true,11/4/2016 21:21:11
605,471,,Etiam nec justo nec libero luctus fermentum.,story,false,12/27/2025 15:02:18
606,618,381,Pellentesque habitant morbi tristique senectus et netus et malesuada fames ac turpis egestas.,message,true,9/19/2033 07:44:52
607,76,,Proin nec justo nec libero luctus fermentum.,story,false,7/26/2021 22:44:11
608,636,,Nulla facilisi. Nullam nec justo nec libero luctus fermentum.,story,false,1/13/2026 17:19:33
609,824,149,justo nec fermentum.,message,true,2/10/2017 04:51:09
610,469,217,Quisque non mi nec justo tincidunt fermentum.,message,true,2/11/2020 00:20:01
611,318,,Donec nec justo nec libero luctus fermentum.,story,false,11/23/2021 02:55:45
612,24,,Fusce nec justo nec libero luctus fermentum.,story,true,12/14/2045 22:29:06
613,689,979,Vestibulum ante ipsum primis in faucibus orci luctus et ultrices posuere cubilia Curae;,message,false,10/11/2026 02:40:11
614,114,,Pellentesque habitant morbi tristique senectus et netus et malesuada fames ac turpis egestas.,story,false,2/17/2031 20:33:48
615,862,,Fusce nec justo nec libero luctus fermentum.,story,false,8/22/2022 12:29:13
616,858,,Vestibulum ante ipsum primis in faucibus orci luctus et ultrices posuere cubilia Curae;,story,true,4/29/2030 01:42:17
617,257,,Lorem ipsum dolor sit amet,story,false,12/29/2046 21:32:28
618,525,202,Suspendisse potenti. Nullam euismod,message,false,4/15/2005 23:37:38
619,789,607,justo nec fermentum.,message,true,10/23/2023 22:48:55
620,701,,Lorem ipsum dolor sit amet,story,true,7/28/2012 01:51:04
621,159,280,Proin nec justo nec libero luctus fermentum.,message,false,12/18/2023 12:54:37
622,174,,Proin nec justo nec libero luctus fermentum.,story,false,1/20/2012 23:21:49
623,633,,Nulla facilisi. Nullam nec justo nec libero luctus fermentum.,story,true,3/27/2003 18:48:36
624,758,305,Proin nec justo nec libero luctus fermentum.,message,false,2/5/2034 04:00:55
625,279,849,Lorem ipsum dolor sit amet,message,false,6/6/2028 21:29:15
626,252,237,consectetur adipiscing elit.,message,true,11/8/2032 06:13:21
627,554,957,Etiam nec justo nec libero luctus fermentum.,message,false,9/27/2049 06:02:12
628,861,809,Lorem ipsum dolor sit amet,message,true,8/6/2043 23:37:35
629,624,,Nulla facilisi. Nullam nec justo nec libero luctus fermentum.,story,false,7/3/2042 10:03:24
630,955,992,Lorem ipsum dolor sit amet,message,true,12/15/2013 01:49:58
631,346,889,Lorem ipsum dolor sit amet,message,true,8/7/2025 14:54:30
632,120,,justo nec fermentum.,story,true,3/8/2041 06:46:45
633,348,,Pellentesque habitant morbi tristique senectus et netus et malesuada fames ac turpis egestas.,story,false,10/1/2046 07:52:49
634,272,918,Vestibulum ante ipsum primis in faucibus orci luctus et ultrices posuere cubilia Curae;,message,true,4/3/2027 16:10:34
635,708,,Suspendisse potenti. Nullam euismod,story,true,7/24/2028 12:04:06
636,231,900,Quisque non mi nec justo tincidunt fermentum.,message,true,1/23/2016 16:54:10
637,98,726,Vestibulum ante ipsum primis in faucibus orci luctus et ultrices posuere cubilia Curae;,message,true,6/16/2045 20:10:57
638,160,,Proin nec justo nec libero luctus fermentum.,story,true,12/28/2041 05:11:14
639,819,,Etiam nec justo nec libero luctus fermentum.,story,true,12/24/2038 02:09:24
640,457,,Quisque non mi nec justo tincidunt fermentum.,story,true,11/27/2031 05:03:33
641,618,895,Lorem ipsum dolor sit amet,message,false,6/10/2000 07:51:17
642,615,,Lorem ipsum dolor sit amet,story,false,9/15/2033 13:44:15
643,847,,Proin nec justo nec libero luctus fermentum.,story,true,4/15/2048 20:58:19
644,494,,Vestibulum ante ipsum primis in faucibus orci luctus et ultrices posuere cubilia Curae;,story,true,8/23/2039 13:21:57
645,581,,Vestibulum ante ipsum primis in faucibus orci luctus et ultrices posuere cubilia Curae;,story,false,1/5/2031 17:31:53
646,242,,Pellentesque habitant morbi tristique senectus et netus et malesuada fames ac turpis egestas.,story,false,12/5/2009 10:06:49
647,404,297,Fusce nec justo nec libero luctus fermentum.,message,true,12/22/2013 23:29:47
648,305,,Nulla facilisi. Nullam nec justo nec libero luctus fermentum.,story,true,3/7/2023 17:07:28
649,320,63,Lorem ipsum dolor sit amet,message,true,7/8/2034 17:24:19
650,332,,Vestibulum ante ipsum primis in faucibus orci luctus et ultrices posuere cubilia Curae;,story,true,5/1/2045 21:23:41
651,95,,Proin nec justo nec libero luctus fermentum.,story,true,7/19/2042 21:02:58
652,537,425,Lorem ipsum dolor sit amet,message,false,4/9/2039 02:57:54
653,353,,justo nec fermentum.,story,false,2/10/2043 05:37:17
654,882,815,justo nec fermentum.,message,true,4/8/2012 02:05:42
655,833,833,Vestibulum ante ipsum primis in faucibus orci luctus et ultrices posuere cubilia Curae;,message,true,5/29/2048 00:55:20
656,656,,Vestibulum ante ipsum primis in faucibus orci luctus et ultrices posuere cubilia Curae;,story,false,8/2/2015 14:52:38
657,585,,consectetur adipiscing elit.,story,true,8/4/2016 02:12:24
658,698,,Proin nec justo nec libero luctus fermentum.,story,false,6/27/2011 11:36:58
659,612,,Pellentesque habitant morbi tristique senectus et netus et malesuada fames ac turpis egestas.,story,true,5/1/2008 06:41:09
660,763,625,consectetur adipiscing elit.,message,false,3/20/2002 10:09:29
661,544,,Vestibulum ante ipsum primis in faucibus orci luctus et ultrices posuere cubilia Curae;,story,true,9/7/2043 05:08:35
662,623,708,Pellentesque habitant morbi tristique senectus et netus et malesuada fames ac turpis egestas.,message,true,10/20/2014 15:49:28
663,194,,Vestibulum ante ipsum primis in faucibus orci luctus et ultrices posuere cubilia Curae;,story,true,5/25/2017 21:17:09
664,959,436,Vestibulum ante ipsum primis in faucibus orci luctus et ultrices posuere cubilia Curae;,message,false,12/2/2045 02:10:39
665,543,,Suspendisse potenti. Nullam euismod,story,true,8/6/2033 06:19:23
666,858,628,Nulla facilisi. Nullam nec justo nec libero luctus fermentum.,message,false,10/21/2014 05:46:03
667,132,860,consectetur adipiscing elit.,message,true,12/3/2004 02:26:07
668,273,,Quisque non mi nec justo tincidunt fermentum.,story,false,7/10/2020 07:12:01
669,694,,Pellentesque habitant morbi tristique senectus et netus et malesuada fames ac turpis egestas.,story,true,1/15/2035 18:55:12
670,378,517,justo nec fermentum.,message,false,2/23/2044 10:52:07
671,715,888,justo nec fermentum.,message,true,2/18/2043 04:54:23
672,789,,Vestibulum ante ipsum primis in faucibus orci luctus et ultrices posuere cubilia Curae;,story,false,7/6/2049 02:47:38
673,329,407,Donec nec justo nec libero luctus fermentum.,message,true,1/18/2011 02:43:27
674,670,884,justo nec fermentum.,message,false,4/11/2024 04:42:27
675,221,42,Proin nec justo nec libero luctus fermentum.,message,false,9/29/2020 23:06:05
676,641,710,Proin nec justo nec libero luctus fermentum.,message,true,2/23/2018 13:55:44
677,360,,Vestibulum ante ipsum primis in faucibus orci luctus et ultrices posuere cubilia Curae;,story,false,8/16/2043 06:59:37
678,877,846,Quisque non mi nec justo tincidunt fermentum.,message,true,6/6/2010 09:01:24
679,227,,Lorem ipsum dolor sit amet,story,false,12/15/2015 17:09:23
680,134,,Fusce nec justo nec libero luctus fermentum.,story,false,3/11/2023 10:52:14
681,332,130,Proin nec justo nec libero luctus fermentum.,message,false,3/8/2036 00:16:10
682,540,539,Pellentesque habitant morbi tristique senectus et netus et malesuada fames ac turpis egestas.,message,true,1/9/2002 09:41:19
683,538,705,Suspendisse potenti. Nullam euismod,message,false,11/3/2012 19:36:33
684,497,,Proin nec justo nec libero luctus fermentum.,story,false,8/17/2034 11:05:10
685,614,830,consectetur adipiscing elit.,message,true,6/10/2034 07:12:30
686,849,558,Donec nec justo nec libero luctus fermentum.,message,false,4/7/2027 05:28:38
687,449,,Lorem ipsum dolor sit amet,story,false,11/21/2000 14:05:49
688,930,649,Donec nec justo nec libero luctus fermentum.,message,true,5/6/2024 19:55:19
689,968,371,Pellentesque habitant morbi tristique senectus et netus et malesuada fames ac turpis egestas.,message,true,9/19/2049 07:15:43
690,778,568,Proin nec justo nec libero luctus fermentum.,message,true,9/25/2021 22:23:47
691,326,,Quisque non mi nec justo tincidunt fermentum.,story,true,1/17/2044 01:56:04
692,80,616,justo nec fermentum.,message,true,1/31/2025 09:37:39
693,13,991,Vestibulum ante ipsum primis in faucibus orci luctus et ultrices posuere cubilia Curae;,message,true,8/24/2032 07:14:41
694,967,62,Lorem ipsum dolor sit amet,message,true,9/27/2036 03:49:51
695,62,,Suspendisse potenti. Nullam euismod,story,true,7/11/2013 17:42:56
696,348,239,Lorem ipsum dolor sit amet,message,true,5/26/2005 07:20:21
697,715,,Quisque non mi nec justo tincidunt fermentum.,story,false,11/10/2043 05:22:38
698,490,474,Proin nec justo nec libero luctus fermentum.,message,true,7/11/2040 18:11:07
699,625,,Suspendisse potenti. Nullam euismod,story,false,7/20/2037 19:48:14
700,891,,Nulla facilisi. Nullam nec justo nec libero luctus fermentum.,story,false,6/12/2015 20:27:26
701,150,142,Etiam nec justo nec libero luctus fermentum.,message,false,8/3/2017 06:26:27
702,176,732,Lorem ipsum dolor sit amet,message,false,8/30/2016 01:49:14
703,928,495,Lorem ipsum dolor sit amet,message,false,3/22/2003 01:56:43
704,129,766,Pellentesque habitant morbi tristique senectus et netus et malesuada fames ac turpis egestas.,message,true,7/3/2029 00:16:22
705,983,980,Suspendisse potenti. Nullam euismod,message,false,5/17/2012 21:32:58
706,635,,Etiam nec justo nec libero luctus fermentum.,story,true,1/27/2007 00:47:10
707,687,,justo nec fermentum.,story,false,9/9/2024 06:25:55
708,512,508,Fusce nec justo nec libero luctus fermentum.,message,true,10/10/2035 06:16:54
709,857,10,Pellentesque habitant morbi tristique senectus et netus et malesuada fames ac turpis egestas.,message,true,9/26/2027 10:28:16
710,401,,consectetur adipiscing elit.,story,true,7/9/2031 11:58:57
711,231,900,Quisque non mi nec justo tincidunt fermentum.,message,false,1/4/2012 07:35:11
712,595,439,Pellentesque habitant morbi tristique senectus et netus et malesuada fames ac turpis egestas.,message,false,10/2/2036 15:39:01
713,410,12,consectetur adipiscing elit.,message,true,9/2/2013 14:38:42
714,500,890,justo nec fermentum.,message,true,2/3/2026 19:28:12
715,814,,Quisque non mi nec justo tincidunt fermentum.,story,false,6/8/2023 19:27:42
716,2,,Lorem ipsum dolor sit amet,story,false,1/20/2002 20:41:57
717,241,34,Lorem ipsum dolor sit amet,message,false,5/1/2028 06:02:02
718,336,163,Quisque non mi nec justo tincidunt fermentum.,message,false,1/25/2042 17:22:30
719,618,,Nulla facilisi. Nullam nec justo nec libero luctus fermentum.,story,false,9/24/2044 17:37:13
720,152,,Nulla facilisi. Nullam nec justo nec libero luctus fermentum.,story,true,4/14/2028 18:47:42
721,747,,Vestibulum ante ipsum primis in faucibus orci luctus et ultrices posuere cubilia Curae;,story,true,1/2/2010 20:59:27
722,661,,consectetur adipiscing elit.,story,false,10/1/2006 10:11:24
723,12,799,Vestibulum ante ipsum primis in faucibus orci luctus et ultrices posuere cubilia Curae;,message,true,4/9/2020 20:18:30
724,978,,Donec nec justo nec libero luctus fermentum.,story,false,9/1/2031 22:41:54
725,925,,Proin nec justo nec libero luctus fermentum.,story,false,12/7/2001 03:32:06
726,989,379,Nulla facilisi. Nullam nec justo nec libero luctus fermentum.,message,false,9/14/2000 16:16:35
727,249,,Donec nec justo nec libero luctus fermentum.,story,false,2/4/2046 11:39:48
728,51,,Pellentesque habitant morbi tristique senectus et netus et malesuada fames ac turpis egestas.,story,true,7/22/2027 22:07:50
729,705,366,consectetur adipiscing elit.,message,true,2/13/2024 20:20:38
730,41,,justo nec fermentum.,story,false,8/9/2004 12:35:32
731,569,374,Nulla facilisi. Nullam nec justo nec libero luctus fermentum.,message,true,2/28/2028 06:39:48
732,551,,Donec nec justo nec libero luctus fermentum.,story,true,5/29/2012 21:12:59
733,61,589,Lorem ipsum dolor sit amet,message,false,11/30/2006 21:14:31
734,782,,Vestibulum ante ipsum primis in faucibus orci luctus et ultrices posuere cubilia Curae;,story,true,9/18/2050 11:12:32
735,941,654,Pellentesque habitant morbi tristique senectus et netus et malesuada fames ac turpis egestas.,message,true,9/29/2036 15:49:13
736,490,,consectetur adipiscing elit.,story,false,4/3/2042 14:12:18
737,625,,consectetur adipiscing elit.,story,false,2/3/2000 13:18:09
738,679,886,Lorem ipsum dolor sit amet,message,true,6/10/2036 15:07:00
739,485,,consectetur adipiscing elit.,story,false,10/6/2031 06:37:30
740,67,,justo nec fermentum.,story,false,1/27/2018 20:43:49
741,48,385,Donec nec justo nec libero luctus fermentum.,message,false,8/21/2045 16:28:56
742,165,,justo nec fermentum.,story,false,6/10/2048 18:28:55
743,800,,Quisque non mi nec justo tincidunt fermentum.,story,true,7/18/2007 20:38:48
744,85,983,Donec nec justo nec libero luctus fermentum.,message,false,12/21/2005 09:37:35
745,245,,Fusce nec justo nec libero luctus fermentum.,story,true,4/12/2018 09:07:58
746,920,307,Pellentesque habitant morbi tristique senectus et netus et malesuada fames ac turpis egestas.,message,true,11/25/2038 23:36:43
747,110,,Lorem ipsum dolor sit amet,story,false,6/22/2046 00:47:18
748,631,,Lorem ipsum dolor sit amet,story,false,7/27/2035 14:36:36
749,493,104,Vestibulum ante ipsum primis in faucibus orci luctus et ultrices posuere cubilia Curae;,message,false,8/19/2013 22:23:51
750,231,318,justo nec fermentum.,message,true,1/28/2033 07:26:39
751,302,667,Etiam nec justo nec libero luctus fermentum.,message,false,1/11/2015 11:51:46
752,85,,Proin nec justo nec libero luctus fermentum.,story,false,8/6/2007 05:08:02
753,602,,Nulla facilisi. Nullam nec justo nec libero luctus fermentum.,story,true,6/20/2006 19:29:40
754,803,,Nulla facilisi. Nullam nec justo nec libero luctus fermentum.,story,false,3/29/2011 10:11:29
755,229,,consectetur adipiscing elit.,story,true,6/16/2001 09:28:03
756,413,,Fusce nec justo nec libero luctus fermentum.,story,false,6/6/2045 21:46:03
757,258,,justo nec fermentum.,story,true,3/20/2001 21:06:31
758,576,,Proin nec justo nec libero luctus fermentum.,story,false,4/3/2017 14:03:13
759,368,75,Lorem ipsum dolor sit amet,message,false,4/20/2029 12:37:51
760,212,,Fusce nec justo nec libero luctus fermentum.,story,false,11/7/2048 17:38:25
761,200,580,Vestibulum ante ipsum primis in faucibus orci luctus et ultrices posuere cubilia Curae;,message,true,10/30/2037 17:28:59
762,351,,Suspendisse potenti. Nullam euismod,story,true,12/5/2011 00:59:46
763,201,426,Quisque non mi nec justo tincidunt fermentum.,message,false,6/5/2044 20:11:21
764,968,464,Vestibulum ante ipsum primis in faucibus orci luctus et ultrices posuere cubilia Curae;,message,false,12/6/2009 17:47:52
765,73,32,Etiam nec justo nec libero luctus fermentum.,message,false,2/10/2025 04:42:07
766,333,,Fusce nec justo nec libero luctus fermentum.,story,true,1/16/2002 10:33:12
767,53,882,Donec nec justo nec libero luctus fermentum.,message,true,3/18/2034 12:34:25
768,953,,Nulla facilisi. Nullam nec justo nec libero luctus fermentum.,story,false,11/20/2021 22:48:38
769,306,454,Etiam nec justo nec libero luctus fermentum.,message,false,12/28/2020 04:05:40
770,403,214,Suspendisse potenti. Nullam euismod,message,false,9/14/2012 05:37:27
771,147,,Etiam nec justo nec libero luctus fermentum.,story,false,1/29/2039 09:04:01
772,579,,Suspendisse potenti. Nullam euismod,story,true,12/3/2014 08:49:34
773,954,,consectetur adipiscing elit.,story,false,2/3/2024 05:33:08
774,819,62,Vestibulum ante ipsum primis in faucibus orci luctus et ultrices posuere cubilia Curae;,message,false,5/3/2034 08:02:45
775,813,,Donec nec justo nec libero luctus fermentum.,story,false,5/5/2023 16:31:17
776,407,76,Pellentesque habitant morbi tristique senectus et netus et malesuada fames ac turpis egestas.,message,true,6/24/2033 05:57:55
777,251,,Fusce nec justo nec libero luctus fermentum.,story,true,9/7/2024 03:33:20
778,492,731,Nulla facilisi. Nullam nec justo nec libero luctus fermentum.,message,false,12/20/2026 14:46:04
779,620,925,justo nec fermentum.,message,true,4/26/2048 08:10:55
780,421,,consectetur adipiscing elit.,story,true,11/6/2029 08:31:51
781,397,,Donec nec justo nec libero luctus fermentum.,story,true,10/19/2049 16:45:56
782,998,718,Suspendisse potenti. Nullam euismod,message,false,9/27/2018 02:17:39
783,234,,Quisque non mi nec justo tincidunt fermentum.,story,false,7/7/2044 16:35:37
784,375,,Nulla facilisi. Nullam nec justo nec libero luctus fermentum.,story,true,8/6/2012 09:58:07
785,383,301,Fusce nec justo nec libero luctus fermentum.,message,true,6/3/2049 04:06:20
786,325,497,Proin nec justo nec libero luctus fermentum.,message,true,2/6/2028 21:32:21
787,756,931,Suspendisse potenti. Nullam euismod,message,false,3/18/2039 02:56:57
788,351,,Nulla facilisi. Nullam nec justo nec libero luctus fermentum.,story,true,10/31/2041 08:11:35
789,944,,Suspendisse potenti. Nullam euismod,story,false,12/3/2002 21:26:02
790,412,151,Pellentesque habitant morbi tristique senectus et netus et malesuada fames ac turpis egestas.,message,false,8/28/2027 04:00:07
791,693,,Donec nec justo nec libero luctus fermentum.,story,true,5/17/2018 22:40:31
792,395,279,Quisque non mi nec justo tincidunt fermentum.,message,false,6/12/2044 04:50:16
793,629,,Lorem ipsum dolor sit amet,story,true,12/4/2044 02:35:56
794,364,,Suspendisse potenti. Nullam euismod,story,true,2/7/2024 08:03:32
795,187,,Donec nec justo nec libero luctus fermentum.,story,false,2/20/2004 09:49:10
796,505,906,Lorem ipsum dolor sit amet,message,false,8/7/2020 08:13:47
797,46,,Nulla facilisi. Nullam nec justo nec libero luctus fermentum.,story,false,4/21/2009 04:03:14
798,928,,Suspendisse potenti. Nullam euismod,story,true,3/10/2016 03:07:17
799,49,,Quisque non mi nec justo tincidunt fermentum.,story,true,8/8/2043 08:56:05
800,428,,Suspendisse potenti. Nullam euismod,story,true,4/15/2010 13:12:35
801,288,,Etiam nec justo nec libero luctus fermentum.,story,false,1/10/2010 14:36:21
802,80,,Etiam nec justo nec libero luctus fermentum.,story,true,6/12/2013 16:41:19
803,186,,Fusce nec justo nec libero luctus fermentum.,story,false,6/4/2023 04:24:56
804,616,689,Quisque non mi nec justo tincidunt fermentum.,message,true,6/11/2024 04:30:12
805,344,50,Proin nec justo nec libero luctus fermentum.,message,true,12/16/2009 00:19:37
806,866,795,Donec nec justo nec libero luctus fermentum.,message,true,10/26/2044 04:46:17
807,984,778,Proin nec justo nec libero luctus fermentum.,message,false,3/25/2046 18:07:08
808,239,430,Etiam nec justo nec libero luctus fermentum.,message,false,6/29/2013 10:59:05
809,118,220,Donec nec justo nec libero luctus fermentum.,message,true,2/6/2046 13:41:47
810,82,459,Donec nec justo nec libero luctus fermentum.,message,true,10/15/2029 01:35:07
811,38,568,Proin nec justo nec libero luctus fermentum.,message,false,8/23/2020 01:27:09
812,631,,Quisque non mi nec justo tincidunt fermentum.,story,true,9/7/2022 13:02:25
813,238,,Suspendisse potenti. Nullam euismod,story,false,3/11/2044 00:37:07
814,936,338,Nulla facilisi. Nullam nec justo nec libero luctus fermentum.,message,true,7/23/2050 08:35:57
815,135,213,Etiam nec justo nec libero luctus fermentum.,message,false,5/6/2029 16:30:41
816,196,,consectetur adipiscing elit.,story,false,9/18/2029 14:28:40
817,661,,justo nec fermentum.,story,false,12/24/2038 20:28:57
818,745,259,Nulla facilisi. Nullam nec justo nec libero luctus fermentum.,message,false,2/20/2026 15:38:05
819,349,904,Etiam nec justo nec libero luctus fermentum.,message,true,1/20/2048 11:36:59
820,152,85,Suspendisse potenti. Nullam euismod,message,false,9/6/2041 19:30:08
821,431,167,Etiam nec justo nec libero luctus fermentum.,message,false,3/14/2017 21:52:57
822,132,665,Proin nec justo nec libero luctus fermentum.,message,false,5/16/2012 10:49:22
823,508,490,Pellentesque habitant morbi tristique senectus et netus et malesuada fames ac turpis egestas.,message,true,8/9/2004 06:15:13
824,266,,Suspendisse potenti. Nullam euismod,story,true,12/26/2042 22:22:49
825,833,755,Suspendisse potenti. Nullam euismod,message,true,8/16/2002 14:33:17
826,140,757,Proin nec justo nec libero luctus fermentum.,message,true,3/24/2024 14:38:44
827,35,,Pellentesque habitant morbi tristique senectus et netus et malesuada fames ac turpis egestas.,story,true,11/10/2032 02:14:54
828,625,,Vestibulum ante ipsum primis in faucibus orci luctus et ultrices posuere cubilia Curae;,story,false,9/3/2016 13:02:00
829,732,635,justo nec fermentum.,message,true,8/26/2039 19:19:28
830,829,154,Vestibulum ante ipsum primis in faucibus orci luctus et ultrices posuere cubilia Curae;,message,true,6/16/2007 13:29:01
831,675,,Etiam nec justo nec libero luctus fermentum.,story,true,9/7/2022 07:47:57
832,750,850,Quisque non mi nec justo tincidunt fermentum.,message,true,3/5/2047 22:54:07
833,994,132,Fusce nec justo nec libero luctus fermentum.,message,true,11/26/2004 12:49:04
834,483,102,justo nec fermentum.,message,false,3/7/2034 18:55:19
835,702,164,Donec nec justo nec libero luctus fermentum.,message,true,10/1/2035 13:53:01
836,901,502,Donec nec justo nec libero luctus fermentum.,message,false,4/7/2025 21:19:35
837,628,780,Etiam nec justo nec libero luctus fermentum.,message,false,1/14/2008 01:50:49
838,778,215,Proin nec justo nec libero luctus fermentum.,message,true,10/30/2036 04:40:21
839,1,,Lorem ipsum dolor sit amet,story,false,6/21/2020 01:04:28
840,536,787,Suspendisse potenti. Nullam euismod,message,true,1/22/2007 01:38:40
841,903,,Pellentesque habitant morbi tristique senectus et netus et malesuada fames ac turpis egestas.,story,false,4/23/2039 22:34:11
842,350,260,Etiam nec justo nec libero luctus fermentum.,message,false,11/13/2014 02:03:40
843,206,411,Pellentesque habitant morbi tristique senectus et netus et malesuada fames ac turpis egestas.,message,false,12/22/2035 00:02:01
844,708,,Suspendisse potenti. Nullam euismod,story,true,11/23/2025 12:38:56
845,94,679,justo nec fermentum.,message,false,11/19/2024 02:01:52
846,315,347,Nulla facilisi. Nullam nec justo nec libero luctus fermentum.,message,true,7/18/2005 11:25:34
847,751,516,Suspendisse potenti. Nullam euismod,message,false,3/10/2027 16:04:01
848,412,514,Lorem ipsum dolor sit amet,message,false,11/15/2000 08:13:37
849,132,,Fusce nec justo nec libero luctus fermentum.,story,true,7/12/2017 17:26:00
850,40,891,Nulla facilisi. Nullam nec justo nec libero luctus fermentum.,message,true,2/11/2049 20:04:42
851,412,6,consectetur adipiscing elit.,message,true,8/24/2038 10:54:41
852,306,,Nulla facilisi. Nullam nec justo nec libero luctus fermentum.,story,true,11/4/2006 03:25:42
853,146,613,Proin nec justo nec libero luctus fermentum.,message,false,11/2/2045 15:15:05
854,920,,Quisque non mi nec justo tincidunt fermentum.,story,false,1/10/2010 01:36:52
855,705,,Etiam nec justo nec libero luctus fermentum.,story,false,12/26/2042 14:39:26
856,645,642,justo nec fermentum.,message,true,11/10/2038 18:21:47
857,772,,Proin nec justo nec libero luctus fermentum.,story,false,10/9/2004 12:23:18
858,559,846,Donec nec justo nec libero luctus fermentum.,message,false,6/12/2009 01:47:50
859,194,,Quisque non mi nec justo tincidunt fermentum.,story,true,1/16/2011 12:05:22
860,943,517,Proin nec justo nec libero luctus fermentum.,message,false,3/9/2048 15:09:27
861,631,471,justo nec fermentum.,message,false,12/29/2018 04:46:16
862,468,7,Nulla facilisi. Nullam nec justo nec libero luctus fermentum.,message,false,6/15/2041 21:32:36
863,12,,Vestibulum ante ipsum primis in faucibus orci luctus et ultrices posuere cubilia Curae;,story,false,9/20/2034 20:48:25
864,508,634,Nulla facilisi. Nullam nec justo nec libero luctus fermentum.,message,false,4/22/2028 18:11:24
865,249,716,Lorem ipsum dolor sit amet,message,false,12/16/2014 00:57:56
866,885,,justo nec fermentum.,story,true,6/25/2010 16:22:49
867,472,316,Quisque non mi nec justo tincidunt fermentum.,message,true,6/8/2025 16:47:36
868,1,994,justo nec fermentum.,message,false,6/20/2006 16:54:13
869,561,416,Donec nec justo nec libero luctus fermentum.,message,true,6/24/2031 09:35:22
870,105,,Donec nec justo nec libero luctus fermentum.,story,false,1/19/2023 10:43:51
871,288,,Donec nec justo nec libero luctus fermentum.,story,false,7/28/2045 21:47:30
872,676,975,justo nec fermentum.,message,false,2/10/2049 02:06:15
873,847,907,justo nec fermentum.,message,true,8/29/2018 09:57:04
874,554,458,Fusce nec justo nec libero luctus fermentum.,message,false,7/16/2049 07:53:24
875,395,839,Donec nec justo nec libero luctus fermentum.,message,false,1/3/2008 23:22:11
876,948,577,Pellentesque habitant morbi tristique senectus et netus et malesuada fames ac turpis egestas.,message,false,11/24/2017 12:41:10
877,565,403,Proin nec justo nec libero luctus fermentum.,message,false,11/22/2029 15:11:26
878,867,375,Quisque non mi nec justo tincidunt fermentum.,message,false,9/11/2004 15:12:01
879,595,,justo nec fermentum.,story,true,4/2/2030 06:49:51
880,402,156,Proin nec justo nec libero luctus fermentum.,message,false,3/8/2036 06:53:35
881,458,20,Donec nec justo nec libero luctus fermentum.,message,true,12/1/2039 18:55:41
882,671,,justo nec fermentum.,story,true,7/13/2007 20:12:58
883,699,231,Proin nec justo nec libero luctus fermentum.,message,false,3/10/2030 06:00:54
884,801,649,Proin nec justo nec libero luctus fermentum.,message,false,1/24/2036 04:11:55
885,147,792,Nulla facilisi. Nullam nec justo nec libero luctus fermentum.,message,false,7/12/2048 14:38:13
886,175,333,consectetur adipiscing elit.,message,false,6/11/2050 01:39:39
887,374,879,Pellentesque habitant morbi tristique senectus et netus et malesuada fames ac turpis egestas.,message,true,2/12/2042 19:43:07
888,722,,justo nec fermentum.,story,true,2/28/2018 05:25:40
889,513,580,Quisque non mi nec justo tincidunt fermentum.,message,false,10/9/2050 21:36:43
890,834,,Fusce nec justo nec libero luctus fermentum.,story,true,12/1/2001 12:26:43
891,38,159,Etiam nec justo nec libero luctus fermentum.,message,false,3/10/2006 14:57:53
892,12,,Pellentesque habitant morbi tristique senectus et netus et malesuada fames ac turpis egestas.,story,false,6/23/2010 12:44:51
893,895,,justo nec fermentum.,story,false,11/27/2024 16:21:53
894,223,653,Suspendisse potenti. Nullam euismod,message,false,12/10/2007 11:10:13
895,271,322,Nulla facilisi. Nullam nec justo nec libero luctus fermentum.,message,false,6/13/2031 18:29:39
896,85,796,justo nec fermentum.,message,true,5/19/2046 22:38:23
897,905,139,Suspendisse potenti. Nullam euismod,message,false,1/2/2041 19:16:26
898,190,103,consectetur adipiscing elit.,message,false,3/21/2040 05:31:03
899,770,622,Pellentesque habitant morbi tristique senectus et netus et malesuada fames ac turpis egestas.,message,false,8/24/2047 00:17:27
900,312,497,Vestibulum ante ipsum primis in faucibus orci luctus et ultrices posuere cubilia Curae;,message,true,10/9/2046 23:26:00
901,761,836,Etiam nec justo nec libero luctus fermentum.,message,true,1/10/2012 07:18:28
902,847,806,Quisque non mi nec justo tincidunt fermentum.,message,true,8/10/2044 14:22:51
903,313,322,Proin nec justo nec libero luctus fermentum.,message,false,3/6/2047 02:05:28
904,966,413,Fusce nec justo nec libero luctus fermentum.,message,false,2/17/2042 03:16:27
905,587,986,Nulla facilisi. Nullam nec justo nec libero luctus fermentum.,message,false,5/3/2029 12:17:18
906,987,,Lorem ipsum dolor sit amet,story,false,2/6/2005 01:20:27
907,953,500,Donec nec justo nec libero luctus fermentum.,message,false,3/28/2034 12:05:05
908,2,225,Etiam nec justo nec libero luctus fermentum.,message,false,7/3/2039 06:41:25
909,94,570,Lorem ipsum dolor sit amet,message,true,7/10/2049 08:17:21
910,241,,Etiam nec justo nec libero luctus fermentum.,story,true,2/15/2002 17:54:58
911,678,410,consectetur adipiscing elit.,message,true,6/11/2025 11:01:30
912,863,998,Vestibulum ante ipsum primis in faucibus orci luctus et ultrices posuere cubilia Curae;,message,false,3/2/2033 01:32:48
913,761,,Quisque non mi nec justo tincidunt fermentum.,story,true,12/18/2006 04:12:07
914,162,,consectetur adipiscing elit.,story,false,10/7/2046 15:28:49
915,289,,Fusce nec justo nec libero luctus fermentum.,story,false,9/27/2015 14:22:03
916,752,,justo nec fermentum.,story,true,3/8/2022 08:28:20
917,552,,consectetur adipiscing elit.,story,false,4/5/2026 07:17:48
918,209,682,Donec nec justo nec libero luctus fermentum.,message,false,6/10/2006 19:24:00
919,300,775,Nulla facilisi. Nullam nec justo nec libero luctus fermentum.,message,false,11/13/2046 01:13:12
920,570,,Nulla facilisi. Nullam nec justo nec libero luctus fermentum.,story,false,3/25/2035 04:52:49
921,54,,Quisque non mi nec justo tincidunt fermentum.,story,false,6/29/2012 11:06:54
922,889,,Proin nec justo nec libero luctus fermentum.,story,true,4/14/2025 04:35:33
923,208,551,justo nec fermentum.,message,false,12/5/2000 19:00:39
924,418,,Proin nec justo nec libero luctus fermentum.,story,true,8/26/2036 11:47:34
925,706,892,Vestibulum ante ipsum primis in faucibus orci luctus et ultrices posuere cubilia Curae;,message,false,8/18/2027 08:29:35
926,606,461,Suspendisse potenti. Nullam euismod,message,true,11/9/2016 14:02:43
927,496,520,consectetur adipiscing elit.,message,true,7/21/2019 02:34:06
928,998,490,Donec nec justo nec libero luctus fermentum.,message,true,7/12/2000 16:07:08
929,140,492,Vestibulum ante ipsum primis in faucibus orci luctus et ultrices posuere cubilia Curae;,message,true,12/18/2005 04:51:03
930,607,873,Pellentesque habitant morbi tristique senectus et netus et malesuada fames ac turpis egestas.,message,true,7/6/2008 08:42:19
931,6,485,Nulla facilisi. Nullam nec justo nec libero luctus fermentum.,message,true,3/15/2039 11:28:09
932,985,,Lorem ipsum dolor sit amet,story,true,6/26/2007 17:33:03
933,608,,consectetur adipiscing elit.,story,false,10/6/2003 17:50:36
934,750,,Nulla facilisi. Nullam nec justo nec libero luctus fermentum.,story,true,6/4/2042 19:16:00
935,306,,Fusce nec justo nec libero luctus fermentum.,story,false,1/9/2003 09:50:10
936,919,,Vestibulum ante ipsum primis in faucibus orci luctus et ultrices posuere cubilia Curae;,story,true,2/26/2048 10:55:13
937,834,,Lorem ipsum dolor sit amet,story,false,2/13/2022 15:32:37
938,16,747,Lorem ipsum dolor sit amet,message,false,6/25/2035 15:04:45
939,936,,Nulla facilisi. Nullam nec justo nec libero luctus fermentum.,story,false,7/19/2026 20:31:22
940,464,687,Lorem ipsum dolor sit amet,message,true,12/19/2031 12:12:23
941,536,,Etiam nec justo nec libero luctus fermentum.,story,true,6/26/2004 00:03:30
942,915,341,Donec nec justo nec libero luctus fermentum.,message,true,7/25/2027 13:11:18
943,512,666,Vestibulum ante ipsum primis in faucibus orci luctus et ultrices posuere cubilia Curae;,message,true,12/6/2023 06:40:26
944,974,513,Proin nec justo nec libero luctus fermentum.,message,false,10/28/2003 20:48:10
945,796,942,Quisque non mi nec justo tincidunt fermentum.,message,true,2/19/2027 08:12:25
946,485,,Suspendisse potenti. Nullam euismod,story,false,12/19/2020 22:23:12
947,30,924,Suspendisse potenti. Nullam euismod,message,true,12/12/2019 05:13:02
948,302,,justo nec fermentum.,story,true,5/10/2038 06:33:11
949,433,,consectetur adipiscing elit.,story,false,1/30/2003 04:53:55
950,209,840,Donec nec justo nec libero luctus fermentum.,message,false,3/10/2019 08:22:56
951,76,386,Etiam nec justo nec libero luctus fermentum.,message,true,2/23/2044 02:41:47
952,879,,Donec nec justo nec libero luctus fermentum.,story,true,4/23/2034 15:42:26
953,364,869,Proin nec justo nec libero luctus fermentum.,message,true,5/1/2047 10:32:31
954,154,,Donec nec justo nec libero luctus fermentum.,story,true,1/13/2017 21:26:24
955,949,,Lorem ipsum dolor sit amet,story,true,12/9/2014 12:04:01
956,231,565,Pellentesque habitant morbi tristique senectus et netus et malesuada fames ac turpis egestas.,message,false,11/25/2024 02:58:13
957,364,,Donec nec justo nec libero luctus fermentum.,story,true,12/12/2003 03:39:11
958,586,347,Vestibulum ante ipsum primis in faucibus orci luctus et ultrices posuere cubilia Curae;,message,true,12/31/2000 04:52:53
959,815,779,Fusce nec justo nec libero luctus fermentum.,message,false,5/17/2009 13:39:16
960,117,,Vestibulum ante ipsum primis in faucibus orci luctus et ultrices posuere cubilia Curae;,story,true,6/13/2001 20:05:17
961,344,57,Quisque non mi nec justo tincidunt fermentum.,message,false,6/26/2018 23:33:35
962,912,304,Etiam nec justo nec libero luctus fermentum.,message,true,10/12/2039 14:22:26
963,350,,justo nec fermentum.,story,false,3/4/2008 08:22:45
964,374,665,Proin nec justo nec libero luctus fermentum.,message,true,1/4/2032 08:20:39
965,261,,Quisque non mi nec justo tincidunt fermentum.,story,false,10/5/2016 00:25:37
966,690,,Nulla facilisi. Nullam nec justo nec libero luctus fermentum.,story,false,11/28/2037 06:46:29
967,188,779,Pellentesque habitant morbi tristique senectus et netus et malesuada fames ac turpis egestas.,message,true,8/29/2032 19:10:14
968,308,466,Fusce nec justo nec libero luctus fermentum.,message,false,11/22/2044 06:09:24
969,40,44,Nulla facilisi. Nullam nec justo nec libero luctus fermentum.,message,false,6/14/2002 00:47:37
970,136,,Fusce nec justo nec libero luctus fermentum.,story,true,4/1/2022 15:59:21
971,715,925,Lorem ipsum dolor sit amet,message,true,9/21/2043 22:16:04
972,497,,justo nec fermentum.,story,true,9/25/2046 06:34:33
973,876,,Fusce nec justo nec libero luctus fermentum.,story,true,5/25/2025 01:41:33
974,724,,Lorem ipsum dolor sit amet,story,false,12/31/2030 22:09:41
975,891,671,Nulla facilisi. Nullam nec justo nec libero luctus fermentum.,message,false,9/3/2050 03:22:06
976,813,,justo nec fermentum.,story,true,4/27/2029 02:27:56
977,163,,Vestibulum ante ipsum primis in faucibus orci luctus et ultrices posuere cubilia Curae;,story,false,3/5/2019 16:59:11
978,692,350,Proin nec justo nec libero luctus fermentum.,message,false,3/19/2011 16:13:47
979,409,679,Donec nec justo nec libero luctus fermentum.,message,true,12/18/2044 21:53:53
980,335,,Proin nec justo nec libero luctus fermentum.,story,true,7/2/2022 22:03:37
981,935,,Pellentesque habitant morbi tristique senectus et netus et malesuada fames ac turpis egestas.,story,true,8/26/2008 09:35:31
982,552,250,Vestibulum ante ipsum primis in faucibus orci luctus et ultrices posuere cubilia Curae;,message,false,9/2/2049 07:24:08
983,430,240,Proin nec justo nec libero luctus fermentum.,message,true,7/20/2011 01:26:07
984,18,340,Suspendisse potenti. Nullam euismod,message,false,2/15/2047 10:08:47
985,409,518,Etiam nec justo nec libero luctus fermentum.,message,false,11/15/2020 19:34:46
986,411,,Etiam nec justo nec libero luctus fermentum.,story,false,12/16/2022 20:52:20
987,89,,justo nec fermentum.,story,true,12/21/2034 09:40:29
988,899,463,Donec nec justo nec libero luctus fermentum.,message,true,10/5/2026 20:47:39
989,154,,Quisque non mi nec justo tincidunt fermentum.,story,true,3/14/2010 22:01:51
990,182,,consectetur adipiscing elit.,story,true,5/16/2025 20:24:29
991,145,,Proin nec justo nec libero luctus fermentum.,story,false,7/8/2044 13:32:21
992,55,10,Proin nec justo nec libero luctus fermentum.,message,false,7/24/2045 01:11:09
993,560,,Proin nec justo nec libero luctus fermentum.,story,false,9/16/2008 09:33:34
994,46,69,consectetur adipiscing elit.,message,true,1/1/2010 15:43:16
995,930,,Lorem ipsum dolor sit amet,story,true,8/27/2036 08:32:17
996,732,,Vestibulum ante ipsum primis in faucibus orci luctus et ultrices posuere cubilia Curae;,story,true,4/5/2035 20:28:32
997,637,,Suspendisse potenti. Nullam euismod,story,false,7/23/2020 21:58:11
998,662,,Donec nec justo nec libero luctus fermentum.,story,false,9/10/2024 11:49:23
999,262,631,Vestibulum ante ipsum primis in faucibus orci luctus et ultrices posuere cubilia Curae;,message,true,8/6/2047 09:04:01
1000,29,,justo nec fermentum.,story,false,2/7/2039 03:20:43
